DATAFLOW,LAST UPDATE,freq,species,unit,geo,TIME_PERIOD,OBS_VALUE,OBS_FLAG
ESTAT:ORG_AQTSPEC(1.0),02/12/22 23:00:00,A,BSS,TLW,BE,2013,0,
ESTAT:ORG_AQTSPEC(1.0),02/12/22 23:00:00,A,BSS,TLW,BG,2012,0,
ESTAT:ORG_AQTSPEC(1.0),02/12/22 23:00:00,A,BSS,TLW,BG,2018,0,
ESTAT:ORG_AQTSPEC(1.0),02/12/22 23:00:00,A,BSS,TLW,BG,2021,0,
ESTAT:ORG_AQTSPEC(1.0),02/12/22 23:00:00,A,BSS,TLW,CY,2013,0,
ESTAT:ORG_AQTSPEC(1.0),02/12/22 23:00:00,A,BSS,TLW,CY,2020,0,
ESTAT:ORG_AQTSPEC(1.0),02/12/22 23:00:00,A,BSS,TLW,EE,2021,0,
ESTAT:ORG_AQTSPEC(1.0),02/12/22 23:00:00,A,BSS,TLW,ES,2012,0,
ESTAT:ORG_AQTSPEC(1.0),02/12/22 23:00:00,A,BSS,TLW,ES,2013,216,
ESTAT:ORG_AQTSPEC(1.0),02/12/22 23:00:00,A,BSS,TLW,ES,2014,151,
ESTAT:ORG_AQTSPEC(1.0),02/12/22 23:00:00,A,BSS,TLW,ES,2015,117,
ESTAT:ORG_AQTSPEC(1.0),02/12/22 23:00:00,A,BSS,TLW,ES,2016,0,
ESTAT:ORG_AQTSPEC(1.0),02/12/22 23:00:00,A,BSS,TLW,ES,2017,42,
ESTAT:ORG_AQTSPEC(1.0),02/12/22 23:00:00,A,BSS,TLW,ES,2018,112,
ESTAT:ORG_AQTSPEC(1.0),02/12/22 23:00:00,A,BSS,TLW,ES,2019,119,
ESTAT:ORG_AQTSPEC(1.0),02/12/22 23:00:00,A,BSS,TLW,ES,2020,210,
ESTAT:ORG_AQTSPEC(1.0),02/12/22 23:00:00,A,BSS,TLW,HR,2012,264,
ESTAT:ORG_AQTSPEC(1.0),02/12/22 23:00:00,A,BSS,TLW,HR,2013,260,
ESTAT:ORG_AQTSPEC(1.0),02/12/22 23:00:00,A,BSS,TLW,HR,2014,308,
ESTAT:ORG_AQTSPEC(1.0),02/12/22 23:00:00,A,BSS,TLW,HR,2015,120,
ESTAT:ORG_AQTSPEC(1.0),02/12/22 23:00:00,A,BSS,TLW,HR,2016,55,
ESTAT:ORG_AQTSPEC(1.0),02/12/22 23:00:00,A,BSS,TLW,HR,2017,80,
ESTAT:ORG_AQTSPEC(1.0),02/12/22 23:00:00,A,BSS,TLW,HR,2018,121,
ESTAT:ORG_AQTSPEC(1.0),02/12/22 23:00:00,A,BSS,TLW,HR,2019,125,
ESTAT:ORG_AQTSPEC(1.0),02/12/22 23:00:00,A,BSS,TLW,HR,2020,100,
ESTAT:ORG_AQTSPEC(1.0),02/12/22 23:00:00,A,BSS,TLW,HU,2012,0,
ESTAT:ORG_AQTSPEC(1.0),02/12/22 23:00:00,A,BSS,TLW,HU,2013,0,
ESTAT:ORG_AQTSPEC(1.0),02/12/22 23:00:00,A,BSS,TLW,IS,2019,0,
ESTAT:ORG_AQTSPEC(1.0),02/12/22 23:00:00,A,BSS,TLW,IT,2012,291,
ESTAT:ORG_AQTSPEC(1.0),02/12/22 23:00:00,A,BSS,TLW,IT,2013,216,
ESTAT:ORG_AQTSPEC(1.0),02/12/22 23:00:00,A,BSS,TLW,IT,2015,0,
ESTAT:ORG_AQTSPEC(1.0),02/12/22 23:00:00,A,BSS,TLW,LT,2014,0,
ESTAT:ORG_AQTSPEC(1.0),02/12/22 23:00:00,A,BSS,TLW,LT,2018,,c
ESTAT:ORG_AQTSPEC(1.0),02/12/22 23:00:00,A,BSS,TLW,LT,2019,,c
ESTAT:ORG_AQTSPEC(1.0),02/12/22 23:00:00,A,BSS,TLW,LT,2020,0,
ESTAT:ORG_AQTSPEC(1.0),02/12/22 23:00:00,A,BSS,TLW,LT,2021,0,
ESTAT:ORG_AQTSPEC(1.0),02/12/22 23:00:00,A,BSS,TLW,LU,2016,0,
ESTAT:ORG_AQTSPEC(1.0),02/12/22 23:00:00,A,BSS,TLW,LU,2017,0,
ESTAT:ORG_AQTSPEC(1.0),02/12/22 23:00:00,A,BSS,TLW,LU,2018,0,
ESTAT:ORG_AQTSPEC(1.0),02/12/22 23:00:00,A,BSS,TLW,LU,2019,0,
ESTAT:ORG_AQTSPEC(1.0),02/12/22 23:00:00,A,BSS,TLW,LU,2020,0,
ESTAT:ORG_AQTSPEC(1.0),02/12/22 23:00:00,A,BSS,TLW,LU,2021,0,
ESTAT:ORG_AQTSPEC(1.0),02/12/22 23:00:00,A,BSS,TLW,ME,2021,0,
ESTAT:ORG_AQTSPEC(1.0),02/12/22 23:00:00,A,BSS,TLW,MK,2013,0,
ESTAT:ORG_AQTSPEC(1.0),02/12/22 23:00:00,A,BSS,TLW,MK,2014,0,
ESTAT:ORG_AQTSPEC(1.0),02/12/22 23:00:00,A,BSS,TLW,MK,2021,0,
ESTAT:ORG_AQTSPEC(1.0),02/12/22 23:00:00,A,BSS,TLW,MT,2014,0,
ESTAT:ORG_AQTSPEC(1.0),02/12/22 23:00:00,A,BSS,TLW,MT,2015,0,
ESTAT:ORG_AQTSPEC(1.0),02/12/22 23:00:00,A,BSS,TLW,MT,2016,0,
ESTAT:ORG_AQTSPEC(1.0),02/12/22 23:00:00,A,BSS,TLW,MT,2017,0,
ESTAT:ORG_AQTSPEC(1.0),02/12/22 23:00:00,A,BSS,TLW,MT,2018,0,
ESTAT:ORG_AQTSPEC(1.0),02/12/22 23:00:00,A,BSS,TLW,MT,2021,0,
ESTAT:ORG_AQTSPEC(1.0),02/12/22 23:00:00,A,BSS,TLW,NL,2021,0,
ESTAT:ORG_AQTSPEC(1.0),02/12/22 23:00:00,A,BSS,TLW,PL,2017,0,
ESTAT:ORG_AQTSPEC(1.0),02/12/22 23:00:00,A,BSS,TLW,PL,2019,0,
ESTAT:ORG_AQTSPEC(1.0),02/12/22 23:00:00,A,BSS,TLW,RO,2013,1,
ESTAT:ORG_AQTSPEC(1.0),02/12/22 23:00:00,A,BSS,TLW,RO,2014,0,
ESTAT:ORG_AQTSPEC(1.0),02/12/22 23:00:00,A,BSS,TLW,RO,2015,1,
ESTAT:ORG_AQTSPEC(1.0),02/12/22 23:00:00,A,BSS,TLW,RO,2016,0,
ESTAT:ORG_AQTSPEC(1.0),02/12/22 23:00:00,A,BSS,TLW,RO,2019,0,
ESTAT:ORG_AQTSPEC(1.0),02/12/22 23:00:00,A,BSS,TLW,RO,2020,0,
ESTAT:ORG_AQTSPEC(1.0),02/12/22 23:00:00,A,BSS,TLW,RO,2021,2,
ESTAT:ORG_AQTSPEC(1.0),02/12/22 23:00:00,A,BSS,TLW,RS,2013,0,
ESTAT:ORG_AQTSPEC(1.0),02/12/22 23:00:00,A,BSS,TLW,SK,2012,0,
ESTAT:ORG_AQTSPEC(1.0),02/12/22 23:00:00,A,BSS,TLW,SK,2013,0,
ESTAT:ORG_AQTSPEC(1.0),02/12/22 23:00:00,A,BSS,TLW,SK,2015,0,
ESTAT:ORG_AQTSPEC(1.0),02/12/22 23:00:00,A,BSS,TLW,SK,2016,0,
ESTAT:ORG_AQTSPEC(1.0),02/12/22 23:00:00,A,BSS,TLW,TR,2015,0,
ESTAT:ORG_AQTSPEC(1.0),02/12/22 23:00:00,A,BSS,TLW,TR,2016,0,
ESTAT:ORG_AQTSPEC(1.0),02/12/22 23:00:00,A,BSS,TLW,TR,2017,0,
ESTAT:ORG_AQTSPEC(1.0),02/12/22 23:00:00,A,BSS,TLW,TR,2021,0,
ESTAT:ORG_AQTSPEC(1.0),02/12/22 23:00:00,A,F00,TLW,AT,2016,217,
ESTAT:ORG_AQTSPEC(1.0),02/12/22 23:00:00,A,F00,TLW,AT,2017,230,
ESTAT:ORG_AQTSPEC(1.0),02/12/22 23:00:00,A,F00,TLW,AT,2018,233,
ESTAT:ORG_AQTSPEC(1.0),02/12/22 23:00:00,A,F00,TLW,BE,2013,0,
ESTAT:ORG_AQTSPEC(1.0),02/12/22 23:00:00,A,F00,TLW,BE,2014,0,
ESTAT:ORG_AQTSPEC(1.0),02/12/22 23:00:00,A,F00,TLW,BE,2015,0,
ESTAT:ORG_AQTSPEC(1.0),02/12/22 23:00:00,A,F00,TLW,BE,2016,0,
ESTAT:ORG_AQTSPEC(1.0),02/12/22 23:00:00,A,F00,TLW,BE,2017,0,
ESTAT:ORG_AQTSPEC(1.0),02/12/22 23:00:00,A,F00,TLW,BE,2018,0,
ESTAT:ORG_AQTSPEC(1.0),02/12/22 23:00:00,A,F00,TLW,BE,2019,0,
ESTAT:ORG_AQTSPEC(1.0),02/12/22 23:00:00,A,F00,TLW,BE,2020,0,
ESTAT:ORG_AQTSPEC(1.0),02/12/22 23:00:00,A,F00,TLW,BG,2012,0,
ESTAT:ORG_AQTSPEC(1.0),02/12/22 23:00:00,A,F00,TLW,BG,2013,0,
ESTAT:ORG_AQTSPEC(1.0),02/12/22 23:00:00,A,F00,TLW,BG,2014,0,
ESTAT:ORG_AQTSPEC(1.0),02/12/22 23:00:00,A,F00,TLW,BG,2015,80,
ESTAT:ORG_AQTSPEC(1.0),02/12/22 23:00:00,A,F00,TLW,BG,2016,1400,
ESTAT:ORG_AQTSPEC(1.0),02/12/22 23:00:00,A,F00,TLW,BG,2017,2000,
ESTAT:ORG_AQTSPEC(1.0),02/12/22 23:00:00,A,F00,TLW,BG,2018,1500,
ESTAT:ORG_AQTSPEC(1.0),02/12/22 23:00:00,A,F00,TLW,BG,2019,3004,
ESTAT:ORG_AQTSPEC(1.0),02/12/22 23:00:00,A,F00,TLW,BG,2020,2500,
ESTAT:ORG_AQTSPEC(1.0),02/12/22 23:00:00,A,F00,TLW,BG,2021,1836,
ESTAT:ORG_AQTSPEC(1.0),02/12/22 23:00:00,A,F00,TLW,CY,2013,0,
ESTAT:ORG_AQTSPEC(1.0),02/12/22 23:00:00,A,F00,TLW,CY,2014,0,
ESTAT:ORG_AQTSPEC(1.0),02/12/22 23:00:00,A,F00,TLW,CY,2015,0,
ESTAT:ORG_AQTSPEC(1.0),02/12/22 23:00:00,A,F00,TLW,CY,2016,0,
ESTAT:ORG_AQTSPEC(1.0),02/12/22 23:00:00,A,F00,TLW,CY,2017,0,
ESTAT:ORG_AQTSPEC(1.0),02/12/22 23:00:00,A,F00,TLW,CY,2018,0,
ESTAT:ORG_AQTSPEC(1.0),02/12/22 23:00:00,A,F00,TLW,CY,2019,0,
ESTAT:ORG_AQTSPEC(1.0),02/12/22 23:00:00,A,F00,TLW,CY,2020,0,
ESTAT:ORG_AQTSPEC(1.0),02/12/22 23:00:00,A,F00,TLW,CY,2021,0,
ESTAT:ORG_AQTSPEC(1.0),02/12/22 23:00:00,A,F00,TLW,CZ,2012,1,
ESTAT:ORG_AQTSPEC(1.0),02/12/22 23:00:00,A,F00,TLW,CZ,2013,2,
ESTAT:ORG_AQTSPEC(1.0),02/12/22 23:00:00,A,F00,TLW,CZ,2014,1,
ESTAT:ORG_AQTSPEC(1.0),02/12/22 23:00:00,A,F00,TLW,CZ,2015,1,
ESTAT:ORG_AQTSPEC(1.0),02/12/22 23:00:00,A,F00,TLW,CZ,2016,0,n
ESTAT:ORG_AQTSPEC(1.0),02/12/22 23:00:00,A,F00,TLW,CZ,2017,0,
ESTAT:ORG_AQTSPEC(1.0),02/12/22 23:00:00,A,F00,TLW,CZ,2018,0,
ESTAT:ORG_AQTSPEC(1.0),02/12/22 23:00:00,A,F00,TLW,CZ,2019,1,
ESTAT:ORG_AQTSPEC(1.0),02/12/22 23:00:00,A,F00,TLW,CZ,2020,0,n
ESTAT:ORG_AQTSPEC(1.0),02/12/22 23:00:00,A,F00,TLW,CZ,2021,1,
ESTAT:ORG_AQTSPEC(1.0),02/12/22 23:00:00,A,F00,TLW,DE,2012,866,
ESTAT:ORG_AQTSPEC(1.0),02/12/22 23:00:00,A,F00,TLW,DE,2013,955,
ESTAT:ORG_AQTSPEC(1.0),02/12/22 23:00:00,A,F00,TLW,DE,2014,801,
ESTAT:ORG_AQTSPEC(1.0),02/12/22 23:00:00,A,F00,TLW,DE,2015,621,
ESTAT:ORG_AQTSPEC(1.0),02/12/22 23:00:00,A,F00,TLW,DE,2016,1758,
ESTAT:ORG_AQTSPEC(1.0),02/12/22 23:00:00,A,F00,TLW,DE,2017,270,
ESTAT:ORG_AQTSPEC(1.0),02/12/22 23:00:00,A,F00,TLW,DE,2018,6596,
ESTAT:ORG_AQTSPEC(1.0),02/12/22 23:00:00,A,F00,TLW,DE,2019,,c
ESTAT:ORG_AQTSPEC(1.0),02/12/22 23:00:00,A,F00,TLW,DE,2020,6746,
ESTAT:ORG_AQTSPEC(1.0),02/12/22 23:00:00,A,F00,TLW,DE,2021,8573,
ESTAT:ORG_AQTSPEC(1.0),02/12/22 23:00:00,A,F00,TLW,DK,2014,2047,
ESTAT:ORG_AQTSPEC(1.0),02/12/22 23:00:00,A,F00,TLW,DK,2015,2934,
ESTAT:ORG_AQTSPEC(1.0),02/12/22 23:00:00,A,F00,TLW,DK,2016,3182,
ESTAT:ORG_AQTSPEC(1.0),02/12/22 23:00:00,A,F00,TLW,DK,2017,2803,
ESTAT:ORG_AQTSPEC(1.0),02/12/22 23:00:00,A,F00,TLW,DK,2018,2966,
ESTAT:ORG_AQTSPEC(1.0),02/12/22 23:00:00,A,F00,TLW,DK,2019,6003,r
ESTAT:ORG_AQTSPEC(1.0),02/12/22 23:00:00,A,F00,TLW,DK,2020,5487,
ESTAT:ORG_AQTSPEC(1.0),02/12/22 23:00:00,A,F00,TLW,EE,2013,0,
ESTAT:ORG_AQTSPEC(1.0),02/12/22 23:00:00,A,F00,TLW,EE,2014,0,
ESTAT:ORG_AQTSPEC(1.0),02/12/22 23:00:00,A,F00,TLW,EE,2015,0,
ESTAT:ORG_AQTSPEC(1.0),02/12/22 23:00:00,A,F00,TLW,EE,2016,0,
ESTAT:ORG_AQTSPEC(1.0),02/12/22 23:00:00,A,F00,TLW,EE,2017,0,
ESTAT:ORG_AQTSPEC(1.0),02/12/22 23:00:00,A,F00,TLW,EE,2018,0,
ESTAT:ORG_AQTSPEC(1.0),02/12/22 23:00:00,A,F00,TLW,EE,2019,0,
ESTAT:ORG_AQTSPEC(1.0),02/12/22 23:00:00,A,F00,TLW,EE,2020,0,
ESTAT:ORG_AQTSPEC(1.0),02/12/22 23:00:00,A,F00,TLW,EE,2021,0,
ESTAT:ORG_AQTSPEC(1.0),02/12/22 23:00:00,A,F00,TLW,EL,2012,1074,
ESTAT:ORG_AQTSPEC(1.0),02/12/22 23:00:00,A,F00,TLW,EL,2013,1104,
ESTAT:ORG_AQTSPEC(1.0),02/12/22 23:00:00,A,F00,TLW,EL,2014,1835,
ESTAT:ORG_AQTSPEC(1.0),02/12/22 23:00:00,A,F00,TLW,EL,2015,720,
ESTAT:ORG_AQTSPEC(1.0),02/12/22 23:00:00,A,F00,TLW,EL,2016,1130,
ESTAT:ORG_AQTSPEC(1.0),02/12/22 23:00:00,A,F00,TLW,EL,2017,1495,
ESTAT:ORG_AQTSPEC(1.0),02/12/22 23:00:00,A,F00,TLW,EL,2018,1452,
ESTAT:ORG_AQTSPEC(1.0),02/12/22 23:00:00,A,F00,TLW,EL,2019,1267,
ESTAT:ORG_AQTSPEC(1.0),02/12/22 23:00:00,A,F00,TLW,EL,2020,1574,
ESTAT:ORG_AQTSPEC(1.0),02/12/22 23:00:00,A,F00,TLW,ES,2012,771,
ESTAT:ORG_AQTSPEC(1.0),02/12/22 23:00:00,A,F00,TLW,ES,2013,1183,
ESTAT:ORG_AQTSPEC(1.0),02/12/22 23:00:00,A,F00,TLW,ES,2014,1360,
ESTAT:ORG_AQTSPEC(1.0),02/12/22 23:00:00,A,F00,TLW,ES,2015,2709,
ESTAT:ORG_AQTSPEC(1.0),02/12/22 23:00:00,A,F00,TLW,ES,2016,3401,
ESTAT:ORG_AQTSPEC(1.0),02/12/22 23:00:00,A,F00,TLW,ES,2017,4393,
ESTAT:ORG_AQTSPEC(1.0),02/12/22 23:00:00,A,F00,TLW,ES,2018,6329,
ESTAT:ORG_AQTSPEC(1.0),02/12/22 23:00:00,A,F00,TLW,ES,2019,6340,
ESTAT:ORG_AQTSPEC(1.0),02/12/22 23:00:00,A,F00,TLW,ES,2020,7476,
ESTAT:ORG_AQTSPEC(1.0),02/12/22 23:00:00,A,F00,TLW,ES,2021,4891,
ESTAT:ORG_AQTSPEC(1.0),02/12/22 23:00:00,A,F00,TLW,FI,2013,0,
ESTAT:ORG_AQTSPEC(1.0),02/12/22 23:00:00,A,F00,TLW,FI,2014,,n
ESTAT:ORG_AQTSPEC(1.0),02/12/22 23:00:00,A,F00,TLW,FI,2015,0,
ESTAT:ORG_AQTSPEC(1.0),02/12/22 23:00:00,A,F00,TLW,FI,2016,,n
ESTAT:ORG_AQTSPEC(1.0),02/12/22 23:00:00,A,F00,TLW,FI,2017,0,
ESTAT:ORG_AQTSPEC(1.0),02/12/22 23:00:00,A,F00,TLW,FI,2018,0,
ESTAT:ORG_AQTSPEC(1.0),02/12/22 23:00:00,A,F00,TLW,FI,2019,0,
ESTAT:ORG_AQTSPEC(1.0),02/12/22 23:00:00,A,F00,TLW,FI,2020,0,
ESTAT:ORG_AQTSPEC(1.0),02/12/22 23:00:00,A,F00,TLW,FR,2018,3485,
ESTAT:ORG_AQTSPEC(1.0),02/12/22 23:00:00,A,F00,TLW,FR,2019,5511,
ESTAT:ORG_AQTSPEC(1.0),02/12/22 23:00:00,A,F00,TLW,FR,2020,9111,p
ESTAT:ORG_AQTSPEC(1.0),02/12/22 23:00:00,A,F00,TLW,HR,2013,405,
ESTAT:ORG_AQTSPEC(1.0),02/12/22 23:00:00,A,F00,TLW,HR,2014,340,
ESTAT:ORG_AQTSPEC(1.0),02/12/22 23:00:00,A,F00,TLW,HR,2015,300,
ESTAT:ORG_AQTSPEC(1.0),02/12/22 23:00:00,A,F00,TLW,HR,2016,100,
ESTAT:ORG_AQTSPEC(1.0),02/12/22 23:00:00,A,F00,TLW,HR,2017,135,
ESTAT:ORG_AQTSPEC(1.0),02/12/22 23:00:00,A,F00,TLW,HR,2018,285,
ESTAT:ORG_AQTSPEC(1.0),02/12/22 23:00:00,A,F00,TLW,HR,2019,291,
ESTAT:ORG_AQTSPEC(1.0),02/12/22 23:00:00,A,F00,TLW,HR,2020,280,
ESTAT:ORG_AQTSPEC(1.0),02/12/22 23:00:00,A,F00,TLW,HR,2021,444,
ESTAT:ORG_AQTSPEC(1.0),02/12/22 23:00:00,A,F00,TLW,HU,2012,3489,
ESTAT:ORG_AQTSPEC(1.0),02/12/22 23:00:00,A,F00,TLW,HU,2013,3487,
ESTAT:ORG_AQTSPEC(1.0),02/12/22 23:00:00,A,F00,TLW,HU,2014,2672,
ESTAT:ORG_AQTSPEC(1.0),02/12/22 23:00:00,A,F00,TLW,HU,2015,3498,
ESTAT:ORG_AQTSPEC(1.0),02/12/22 23:00:00,A,F00,TLW,HU,2016,2672,
ESTAT:ORG_AQTSPEC(1.0),02/12/22 23:00:00,A,F00,TLW,HU,2017,3238,
ESTAT:ORG_AQTSPEC(1.0),02/12/22 23:00:00,A,F00,TLW,HU,2018,3240,
ESTAT:ORG_AQTSPEC(1.0),02/12/22 23:00:00,A,F00,TLW,HU,2019,2970,
ESTAT:ORG_AQTSPEC(1.0),02/12/22 23:00:00,A,F00,TLW,HU,2020,1743,
ESTAT:ORG_AQTSPEC(1.0),02/12/22 23:00:00,A,F00,TLW,HU,2021,1740,e
ESTAT:ORG_AQTSPEC(1.0),02/12/22 23:00:00,A,F00,TLW,IE,2012,18486,
ESTAT:ORG_AQTSPEC(1.0),02/12/22 23:00:00,A,F00,TLW,IE,2013,16314,
ESTAT:ORG_AQTSPEC(1.0),02/12/22 23:00:00,A,F00,TLW,IE,2014,25610,
ESTAT:ORG_AQTSPEC(1.0),02/12/22 23:00:00,A,F00,TLW,IE,2015,31227,
ESTAT:ORG_AQTSPEC(1.0),02/12/22 23:00:00,A,F00,TLW,IE,2016,40873,
ESTAT:ORG_AQTSPEC(1.0),02/12/22 23:00:00,A,F00,TLW,IE,2017,42711,
ESTAT:ORG_AQTSPEC(1.0),02/12/22 23:00:00,A,F00,TLW,IE,2018,27264,
ESTAT:ORG_AQTSPEC(1.0),02/12/22 23:00:00,A,F00,TLW,IE,2019,30872,
ESTAT:ORG_AQTSPEC(1.0),02/12/22 23:00:00,A,F00,TLW,IE,2020,30430,
ESTAT:ORG_AQTSPEC(1.0),02/12/22 23:00:00,A,F00,TLW,IE,2021,32955,
ESTAT:ORG_AQTSPEC(1.0),02/12/22 23:00:00,A,F00,TLW,IS,2019,17482,
ESTAT:ORG_AQTSPEC(1.0),02/12/22 23:00:00,A,F00,TLW,IS,2020,15735,
ESTAT:ORG_AQTSPEC(1.0),02/12/22 23:00:00,A,F00,TLW,IT,2012,1379,
ESTAT:ORG_AQTSPEC(1.0),02/12/22 23:00:00,A,F00,TLW,IT,2013,3673,
ESTAT:ORG_AQTSPEC(1.0),02/12/22 23:00:00,A,F00,TLW,IT,2014,5281,
ESTAT:ORG_AQTSPEC(1.0),02/12/22 23:00:00,A,F00,TLW,IT,2015,5492,
ESTAT:ORG_AQTSPEC(1.0),02/12/22 23:00:00,A,F00,TLW,IT,2016,6044,
ESTAT:ORG_AQTSPEC(1.0),02/12/22 23:00:00,A,F00,TLW,IT,2017,8952,r
ESTAT:ORG_AQTSPEC(1.0),02/12/22 23:00:00,A,F00,TLW,IT,2018,9608,
ESTAT:ORG_AQTSPEC(1.0),02/12/22 23:00:00,A,F00,TLW,IT,2020,10167,
ESTAT:ORG_AQTSPEC(1.0),02/12/22 23:00:00,A,F00,TLW,LT,2012,2733,
ESTAT:ORG_AQTSPEC(1.0),02/12/22 23:00:00,A,F00,TLW,LT,2013,2998,
ESTAT:ORG_AQTSPEC(1.0),02/12/22 23:00:00,A,F00,TLW,LT,2014,1182,
ESTAT:ORG_AQTSPEC(1.0),02/12/22 23:00:00,A,F00,TLW,LT,2015,1300,
ESTAT:ORG_AQTSPEC(1.0),02/12/22 23:00:00,A,F00,TLW,LT,2016,734,
ESTAT:ORG_AQTSPEC(1.0),02/12/22 23:00:00,A,F00,TLW,LT,2017,818,
ESTAT:ORG_AQTSPEC(1.0),02/12/22 23:00:00,A,F00,TLW,LT,2018,605,
ESTAT:ORG_AQTSPEC(1.0),02/12/22 23:00:00,A,F00,TLW,LT,2019,613,
ESTAT:ORG_AQTSPEC(1.0),02/12/22 23:00:00,A,F00,TLW,LT,2020,710,
ESTAT:ORG_AQTSPEC(1.0),02/12/22 23:00:00,A,F00,TLW,LT,2021,614,
ESTAT:ORG_AQTSPEC(1.0),02/12/22 23:00:00,A,F00,TLW,LU,2012,0,
ESTAT:ORG_AQTSPEC(1.0),02/12/22 23:00:00,A,F00,TLW,LU,2013,0,
ESTAT:ORG_AQTSPEC(1.0),02/12/22 23:00:00,A,F00,TLW,LU,2014,0,
ESTAT:ORG_AQTSPEC(1.0),02/12/22 23:00:00,A,F00,TLW,LU,2015,0,
ESTAT:ORG_AQTSPEC(1.0),02/12/22 23:00:00,A,F00,TLW,LU,2016,0,
ESTAT:ORG_AQTSPEC(1.0),02/12/22 23:00:00,A,F00,TLW,LU,2017,0,
ESTAT:ORG_AQTSPEC(1.0),02/12/22 23:00:00,A,F00,TLW,LU,2018,0,
ESTAT:ORG_AQTSPEC(1.0),02/12/22 23:00:00,A,F00,TLW,LU,2019,0,
ESTAT:ORG_AQTSPEC(1.0),02/12/22 23:00:00,A,F00,TLW,LU,2020,0,
ESTAT:ORG_AQTSPEC(1.0),02/12/22 23:00:00,A,F00,TLW,LU,2021,0,
ESTAT:ORG_AQTSPEC(1.0),02/12/22 23:00:00,A,F00,TLW,LV,2012,15,
ESTAT:ORG_AQTSPEC(1.0),02/12/22 23:00:00,A,F00,TLW,LV,2013,6,
ESTAT:ORG_AQTSPEC(1.0),02/12/22 23:00:00,A,F00,TLW,LV,2014,3,
ESTAT:ORG_AQTSPEC(1.0),02/12/22 23:00:00,A,F00,TLW,LV,2015,7,
ESTAT:ORG_AQTSPEC(1.0),02/12/22 23:00:00,A,F00,TLW,LV,2016,2,
ESTAT:ORG_AQTSPEC(1.0),02/12/22 23:00:00,A,F00,TLW,LV,2017,8,
ESTAT:ORG_AQTSPEC(1.0),02/12/22 23:00:00,A,F00,TLW,LV,2018,7,
ESTAT:ORG_AQTSPEC(1.0),02/12/22 23:00:00,A,F00,TLW,LV,2019,8,
ESTAT:ORG_AQTSPEC(1.0),02/12/22 23:00:00,A,F00,TLW,LV,2020,8,
ESTAT:ORG_AQTSPEC(1.0),02/12/22 23:00:00,A,F00,TLW,ME,2021,0,
ESTAT:ORG_AQTSPEC(1.0),02/12/22 23:00:00,A,F00,TLW,MK,2013,0,
ESTAT:ORG_AQTSPEC(1.0),02/12/22 23:00:00,A,F00,TLW,MK,2014,0,
ESTAT:ORG_AQTSPEC(1.0),02/12/22 23:00:00,A,F00,TLW,MK,2015,0,
ESTAT:ORG_AQTSPEC(1.0),02/12/22 23:00:00,A,F00,TLW,MK,2016,0,
ESTAT:ORG_AQTSPEC(1.0),02/12/22 23:00:00,A,F00,TLW,MK,2017,0,
ESTAT:ORG_AQTSPEC(1.0),02/12/22 23:00:00,A,F00,TLW,MK,2018,0,
ESTAT:ORG_AQTSPEC(1.0),02/12/22 23:00:00,A,F00,TLW,MK,2019,0,
ESTAT:ORG_AQTSPEC(1.0),02/12/22 23:00:00,A,F00,TLW,MK,2020,0,
ESTAT:ORG_AQTSPEC(1.0),02/12/22 23:00:00,A,F00,TLW,MK,2021,0,
ESTAT:ORG_AQTSPEC(1.0),02/12/22 23:00:00,A,F00,TLW,MT,2012,0,
ESTAT:ORG_AQTSPEC(1.0),02/12/22 23:00:00,A,F00,TLW,MT,2013,0,
ESTAT:ORG_AQTSPEC(1.0),02/12/22 23:00:00,A,F00,TLW,MT,2014,0,
ESTAT:ORG_AQTSPEC(1.0),02/12/22 23:00:00,A,F00,TLW,MT,2015,0,
ESTAT:ORG_AQTSPEC(1.0),02/12/22 23:00:00,A,F00,TLW,MT,2016,0,
ESTAT:ORG_AQTSPEC(1.0),02/12/22 23:00:00,A,F00,TLW,MT,2017,0,
ESTAT:ORG_AQTSPEC(1.0),02/12/22 23:00:00,A,F00,TLW,MT,2018,0,
ESTAT:ORG_AQTSPEC(1.0),02/12/22 23:00:00,A,F00,TLW,MT,2019,0,
ESTAT:ORG_AQTSPEC(1.0),02/12/22 23:00:00,A,F00,TLW,MT,2020,0,
ESTAT:ORG_AQTSPEC(1.0),02/12/22 23:00:00,A,F00,TLW,MT,2021,0,
ESTAT:ORG_AQTSPEC(1.0),02/12/22 23:00:00,A,F00,TLW,NL,2014,0,
ESTAT:ORG_AQTSPEC(1.0),02/12/22 23:00:00,A,F00,TLW,NL,2015,0,
ESTAT:ORG_AQTSPEC(1.0),02/12/22 23:00:00,A,F00,TLW,NL,2016,5195,
ESTAT:ORG_AQTSPEC(1.0),02/12/22 23:00:00,A,F00,TLW,NL,2017,3611,
ESTAT:ORG_AQTSPEC(1.0),02/12/22 23:00:00,A,F00,TLW,NL,2018,3751,
ESTAT:ORG_AQTSPEC(1.0),02/12/22 23:00:00,A,F00,TLW,NL,2019,8536,
ESTAT:ORG_AQTSPEC(1.0),02/12/22 23:00:00,A,F00,TLW,NL,2020,7978,
ESTAT:ORG_AQTSPEC(1.0),02/12/22 23:00:00,A,F00,TLW,NL,2021,15277,
ESTAT:ORG_AQTSPEC(1.0),02/12/22 23:00:00,A,F00,TLW,NO,2014,16000,
ESTAT:ORG_AQTSPEC(1.0),02/12/22 23:00:00,A,F00,TLW,NO,2015,16600,
ESTAT:ORG_AQTSPEC(1.0),02/12/22 23:00:00,A,F00,TLW,NO,2016,17200,
ESTAT:ORG_AQTSPEC(1.0),02/12/22 23:00:00,A,F00,TLW,NO,2017,13611,
ESTAT:ORG_AQTSPEC(1.0),02/12/22 23:00:00,A,F00,TLW,NO,2018,16696,
ESTAT:ORG_AQTSPEC(1.0),02/12/22 23:00:00,A,F00,TLW,NO,2019,17771,
ESTAT:ORG_AQTSPEC(1.0),02/12/22 23:00:00,A,F00,TLW,NO,2020,26999,
ESTAT:ORG_AQTSPEC(1.0),02/12/22 23:00:00,A,F00,TLW,PL,2012,18,
ESTAT:ORG_AQTSPEC(1.0),02/12/22 23:00:00,A,F00,TLW,PL,2013,56,
ESTAT:ORG_AQTSPEC(1.0),02/12/22 23:00:00,A,F00,TLW,PL,2014,13,
ESTAT:ORG_AQTSPEC(1.0),02/12/22 23:00:00,A,F00,TLW,PL,2015,18,
ESTAT:ORG_AQTSPEC(1.0),02/12/22 23:00:00,A,F00,TLW,PL,2016,19,
ESTAT:ORG_AQTSPEC(1.0),02/12/22 23:00:00,A,F00,TLW,PL,2017,17,
ESTAT:ORG_AQTSPEC(1.0),02/12/22 23:00:00,A,F00,TLW,PL,2018,32,
ESTAT:ORG_AQTSPEC(1.0),02/12/22 23:00:00,A,F00,TLW,PL,2019,160,
ESTAT:ORG_AQTSPEC(1.0),02/12/22 23:00:00,A,F00,TLW,PL,2020,282,
ESTAT:ORG_AQTSPEC(1.0),02/12/22 23:00:00,A,F00,TLW,PT,2013,1100,
ESTAT:ORG_AQTSPEC(1.0),02/12/22 23:00:00,A,F00,TLW,PT,2014,1300,
ESTAT:ORG_AQTSPEC(1.0),02/12/22 23:00:00,A,F00,TLW,PT,2015,1300,
ESTAT:ORG_AQTSPEC(1.0),02/12/22 23:00:00,A,F00,TLW,PT,2016,1100,
ESTAT:ORG_AQTSPEC(1.0),02/12/22 23:00:00,A,F00,TLW,PT,2017,1100,
ESTAT:ORG_AQTSPEC(1.0),02/12/22 23:00:00,A,F00,TLW,RO,2012,4428,
ESTAT:ORG_AQTSPEC(1.0),02/12/22 23:00:00,A,F00,TLW,RO,2013,4566,
ESTAT:ORG_AQTSPEC(1.0),02/12/22 23:00:00,A,F00,TLW,RO,2014,4542,
ESTAT:ORG_AQTSPEC(1.0),02/12/22 23:00:00,A,F00,TLW,RO,2015,6384,
ESTAT:ORG_AQTSPEC(1.0),02/12/22 23:00:00,A,F00,TLW,RO,2016,5913,
ESTAT:ORG_AQTSPEC(1.0),02/12/22 23:00:00,A,F00,TLW,RO,2018,1619,
ESTAT:ORG_AQTSPEC(1.0),02/12/22 23:00:00,A,F00,TLW,RO,2019,1493,
ESTAT:ORG_AQTSPEC(1.0),02/12/22 23:00:00,A,F00,TLW,RO,2020,975,
ESTAT:ORG_AQTSPEC(1.0),02/12/22 23:00:00,A,F00,TLW,RO,2021,352,
ESTAT:ORG_AQTSPEC(1.0),02/12/22 23:00:00,A,F00,TLW,RS,2013,0,
ESTAT:ORG_AQTSPEC(1.0),02/12/22 23:00:00,A,F00,TLW,RS,2014,0,
ESTAT:ORG_AQTSPEC(1.0),02/12/22 23:00:00,A,F00,TLW,RS,2015,0,
ESTAT:ORG_AQTSPEC(1.0),02/12/22 23:00:00,A,F00,TLW,RS,2016,0,
ESTAT:ORG_AQTSPEC(1.0),02/12/22 23:00:00,A,F00,TLW,RS,2017,0,
ESTAT:ORG_AQTSPEC(1.0),02/12/22 23:00:00,A,F00,TLW,RS,2018,0,
ESTAT:ORG_AQTSPEC(1.0),02/12/22 23:00:00,A,F00,TLW,RS,2019,0,
ESTAT:ORG_AQTSPEC(1.0),02/12/22 23:00:00,A,F00,TLW,RS,2020,0,
ESTAT:ORG_AQTSPEC(1.0),02/12/22 23:00:00,A,F00,TLW,SE,2014,,n
ESTAT:ORG_AQTSPEC(1.0),02/12/22 23:00:00,A,F00,TLW,SE,2015,,n
ESTAT:ORG_AQTSPEC(1.0),02/12/22 23:00:00,A,F00,TLW,SE,2016,,n
ESTAT:ORG_AQTSPEC(1.0),02/12/22 23:00:00,A,F00,TLW,SE,2017,,n
ESTAT:ORG_AQTSPEC(1.0),02/12/22 23:00:00,A,F00,TLW,SE,2018,,n
ESTAT:ORG_AQTSPEC(1.0),02/12/22 23:00:00,A,F00,TLW,SE,2020,,c
ESTAT:ORG_AQTSPEC(1.0),02/12/22 23:00:00,A,F00,TLW,SE,2021,,c
ESTAT:ORG_AQTSPEC(1.0),02/12/22 23:00:00,A,F00,TLW,SI,2015,32,
ESTAT:ORG_AQTSPEC(1.0),02/12/22 23:00:00,A,F00,TLW,SI,2016,65,
ESTAT:ORG_AQTSPEC(1.0),02/12/22 23:00:00,A,F00,TLW,SI,2017,564,
ESTAT:ORG_AQTSPEC(1.0),02/12/22 23:00:00,A,F00,TLW,SI,2018,630,
ESTAT:ORG_AQTSPEC(1.0),02/12/22 23:00:00,A,F00,TLW,SI,2019,651,r
ESTAT:ORG_AQTSPEC(1.0),02/12/22 23:00:00,A,F00,TLW,SI,2020,713,
ESTAT:ORG_AQTSPEC(1.0),02/12/22 23:00:00,A,F00,TLW,SK,2012,0,
ESTAT:ORG_AQTSPEC(1.0),02/12/22 23:00:00,A,F00,TLW,SK,2013,0,
ESTAT:ORG_AQTSPEC(1.0),02/12/22 23:00:00,A,F00,TLW,SK,2014,0,
ESTAT:ORG_AQTSPEC(1.0),02/12/22 23:00:00,A,F00,TLW,SK,2015,0,
ESTAT:ORG_AQTSPEC(1.0),02/12/22 23:00:00,A,F00,TLW,SK,2016,0,
ESTAT:ORG_AQTSPEC(1.0),02/12/22 23:00:00,A,F00,TLW,SK,2017,0,
ESTAT:ORG_AQTSPEC(1.0),02/12/22 23:00:00,A,F00,TLW,SK,2018,0,
ESTAT:ORG_AQTSPEC(1.0),02/12/22 23:00:00,A,F00,TLW,SK,2019,0,
ESTAT:ORG_AQTSPEC(1.0),02/12/22 23:00:00,A,F00,TLW,SK,2020,0,
ESTAT:ORG_AQTSPEC(1.0),02/12/22 23:00:00,A,F00,TLW,TR,2013,0,
ESTAT:ORG_AQTSPEC(1.0),02/12/22 23:00:00,A,F00,TLW,TR,2015,559,
ESTAT:ORG_AQTSPEC(1.0),02/12/22 23:00:00,A,F00,TLW,TR,2016,0,
ESTAT:ORG_AQTSPEC(1.0),02/12/22 23:00:00,A,F00,TLW,TR,2017,0,
ESTAT:ORG_AQTSPEC(1.0),02/12/22 23:00:00,A,F00,TLW,TR,2018,0,
ESTAT:ORG_AQTSPEC(1.0),02/12/22 23:00:00,A,F00,TLW,TR,2019,0,
ESTAT:ORG_AQTSPEC(1.0),02/12/22 23:00:00,A,F00,TLW,TR,2020,0,
ESTAT:ORG_AQTSPEC(1.0),02/12/22 23:00:00,A,F00,TLW,TR,2021,0,
ESTAT:ORG_AQTSPEC(1.0),02/12/22 23:00:00,A,F11,TLW,AT,2016,136,
ESTAT:ORG_AQTSPEC(1.0),02/12/22 23:00:00,A,F11,TLW,AT,2017,130,
ESTAT:ORG_AQTSPEC(1.0),02/12/22 23:00:00,A,F11,TLW,AT,2018,147,
ESTAT:ORG_AQTSPEC(1.0),02/12/22 23:00:00,A,F11,TLW,BE,2013,0,
ESTAT:ORG_AQTSPEC(1.0),02/12/22 23:00:00,A,F11,TLW,BG,2012,0,
ESTAT:ORG_AQTSPEC(1.0),02/12/22 23:00:00,A,F11,TLW,BG,2018,0,
ESTAT:ORG_AQTSPEC(1.0),02/12/22 23:00:00,A,F11,TLW,BG,2021,0,
ESTAT:ORG_AQTSPEC(1.0),02/12/22 23:00:00,A,F11,TLW,CY,2013,0,
ESTAT:ORG_AQTSPEC(1.0),02/12/22 23:00:00,A,F11,TLW,CY,2020,0,
ESTAT:ORG_AQTSPEC(1.0),02/12/22 23:00:00,A,F11,TLW,CZ,2019,1,
ESTAT:ORG_AQTSPEC(1.0),02/12/22 23:00:00,A,F11,TLW,CZ,2020,0,n
ESTAT:ORG_AQTSPEC(1.0),02/12/22 23:00:00,A,F11,TLW,CZ,2021,1,
ESTAT:ORG_AQTSPEC(1.0),02/12/22 23:00:00,A,F11,TLW,EE,2021,0,
ESTAT:ORG_AQTSPEC(1.0),02/12/22 23:00:00,A,F11,TLW,ES,2012,0,
ESTAT:ORG_AQTSPEC(1.0),02/12/22 23:00:00,A,F11,TLW,ES,2013,0,
ESTAT:ORG_AQTSPEC(1.0),02/12/22 23:00:00,A,F11,TLW,ES,2014,0,
ESTAT:ORG_AQTSPEC(1.0),02/12/22 23:00:00,A,F11,TLW,ES,2015,0,
ESTAT:ORG_AQTSPEC(1.0),02/12/22 23:00:00,A,F11,TLW,ES,2016,0,
ESTAT:ORG_AQTSPEC(1.0),02/12/22 23:00:00,A,F11,TLW,ES,2017,0,
ESTAT:ORG_AQTSPEC(1.0),02/12/22 23:00:00,A,F11,TLW,ES,2018,0,
ESTAT:ORG_AQTSPEC(1.0),02/12/22 23:00:00,A,F11,TLW,ES,2019,0,
ESTAT:ORG_AQTSPEC(1.0),02/12/22 23:00:00,A,F11,TLW,ES,2020,0,
ESTAT:ORG_AQTSPEC(1.0),02/12/22 23:00:00,A,F11,TLW,HR,2012,0,
ESTAT:ORG_AQTSPEC(1.0),02/12/22 23:00:00,A,F11,TLW,HR,2013,0,
ESTAT:ORG_AQTSPEC(1.0),02/12/22 23:00:00,A,F11,TLW,HR,2019,0,
ESTAT:ORG_AQTSPEC(1.0),02/12/22 23:00:00,A,F11,TLW,HR,2020,0,
ESTAT:ORG_AQTSPEC(1.0),02/12/22 23:00:00,A,F11,TLW,IS,2019,0,
ESTAT:ORG_AQTSPEC(1.0),02/12/22 23:00:00,A,F11,TLW,IT,2012,0,
ESTAT:ORG_AQTSPEC(1.0),02/12/22 23:00:00,A,F11,TLW,IT,2013,0,
ESTAT:ORG_AQTSPEC(1.0),02/12/22 23:00:00,A,F11,TLW,IT,2015,0,
ESTAT:ORG_AQTSPEC(1.0),02/12/22 23:00:00,A,F11,TLW,LT,2013,2658,
ESTAT:ORG_AQTSPEC(1.0),02/12/22 23:00:00,A,F11,TLW,LT,2014,1088,
ESTAT:ORG_AQTSPEC(1.0),02/12/22 23:00:00,A,F11,TLW,LT,2015,1164,
ESTAT:ORG_AQTSPEC(1.0),02/12/22 23:00:00,A,F11,TLW,LT,2016,714,
ESTAT:ORG_AQTSPEC(1.0),02/12/22 23:00:00,A,F11,TLW,LT,2017,811,
ESTAT:ORG_AQTSPEC(1.0),02/12/22 23:00:00,A,F11,TLW,LT,2018,,c
ESTAT:ORG_AQTSPEC(1.0),02/12/22 23:00:00,A,F11,TLW,LT,2019,,c
ESTAT:ORG_AQTSPEC(1.0),02/12/22 23:00:00,A,F11,TLW,LT,2020,707,
ESTAT:ORG_AQTSPEC(1.0),02/12/22 23:00:00,A,F11,TLW,LT,2021,603,
ESTAT:ORG_AQTSPEC(1.0),02/12/22 23:00:00,A,F11,TLW,LU,2016,0,
ESTAT:ORG_AQTSPEC(1.0),02/12/22 23:00:00,A,F11,TLW,LU,2017,0,
ESTAT:ORG_AQTSPEC(1.0),02/12/22 23:00:00,A,F11,TLW,LU,2018,0,
ESTAT:ORG_AQTSPEC(1.0),02/12/22 23:00:00,A,F11,TLW,LU,2019,0,
ESTAT:ORG_AQTSPEC(1.0),02/12/22 23:00:00,A,F11,TLW,LU,2020,0,
ESTAT:ORG_AQTSPEC(1.0),02/12/22 23:00:00,A,F11,TLW,LU,2021,0,
ESTAT:ORG_AQTSPEC(1.0),02/12/22 23:00:00,A,F11,TLW,ME,2021,0,
ESTAT:ORG_AQTSPEC(1.0),02/12/22 23:00:00,A,F11,TLW,MK,2013,0,
ESTAT:ORG_AQTSPEC(1.0),02/12/22 23:00:00,A,F11,TLW,MK,2014,0,
ESTAT:ORG_AQTSPEC(1.0),02/12/22 23:00:00,A,F11,TLW,MK,2021,0,
ESTAT:ORG_AQTSPEC(1.0),02/12/22 23:00:00,A,F11,TLW,MT,2014,0,
ESTAT:ORG_AQTSPEC(1.0),02/12/22 23:00:00,A,F11,TLW,MT,2015,0,
ESTAT:ORG_AQTSPEC(1.0),02/12/22 23:00:00,A,F11,TLW,MT,2016,0,
ESTAT:ORG_AQTSPEC(1.0),02/12/22 23:00:00,A,F11,TLW,MT,2017,0,
ESTAT:ORG_AQTSPEC(1.0),02/12/22 23:00:00,A,F11,TLW,MT,2018,0,
ESTAT:ORG_AQTSPEC(1.0),02/12/22 23:00:00,A,F11,TLW,MT,2021,0,
ESTAT:ORG_AQTSPEC(1.0),02/12/22 23:00:00,A,F11,TLW,NL,2021,0,
ESTAT:ORG_AQTSPEC(1.0),02/12/22 23:00:00,A,F11,TLW,PL,2012,1,
ESTAT:ORG_AQTSPEC(1.0),02/12/22 23:00:00,A,F11,TLW,PL,2013,6,
ESTAT:ORG_AQTSPEC(1.0),02/12/22 23:00:00,A,F11,TLW,PL,2017,16,
ESTAT:ORG_AQTSPEC(1.0),02/12/22 23:00:00,A,F11,TLW,PL,2018,31,
ESTAT:ORG_AQTSPEC(1.0),02/12/22 23:00:00,A,F11,TLW,PL,2019,157,
ESTAT:ORG_AQTSPEC(1.0),02/12/22 23:00:00,A,F11,TLW,RO,2012,3635,
ESTAT:ORG_AQTSPEC(1.0),02/12/22 23:00:00,A,F11,TLW,RO,2013,1676,
ESTAT:ORG_AQTSPEC(1.0),02/12/22 23:00:00,A,F11,TLW,RO,2014,1797,
ESTAT:ORG_AQTSPEC(1.0),02/12/22 23:00:00,A,F11,TLW,RO,2015,2728,
ESTAT:ORG_AQTSPEC(1.0),02/12/22 23:00:00,A,F11,TLW,RO,2016,4927,
ESTAT:ORG_AQTSPEC(1.0),02/12/22 23:00:00,A,F11,TLW,RO,2017,4843,
ESTAT:ORG_AQTSPEC(1.0),02/12/22 23:00:00,A,F11,TLW,RO,2018,1508,
ESTAT:ORG_AQTSPEC(1.0),02/12/22 23:00:00,A,F11,TLW,RO,2019,1416,
ESTAT:ORG_AQTSPEC(1.0),02/12/22 23:00:00,A,F11,TLW,RO,2020,761,
ESTAT:ORG_AQTSPEC(1.0),02/12/22 23:00:00,A,F11,TLW,RO,2021,252,
ESTAT:ORG_AQTSPEC(1.0),02/12/22 23:00:00,A,F11,TLW,RS,2013,0,
ESTAT:ORG_AQTSPEC(1.0),02/12/22 23:00:00,A,F11,TLW,SI,2016,4,
ESTAT:ORG_AQTSPEC(1.0),02/12/22 23:00:00,A,F11,TLW,SK,2012,0,
ESTAT:ORG_AQTSPEC(1.0),02/12/22 23:00:00,A,F11,TLW,SK,2013,0,
ESTAT:ORG_AQTSPEC(1.0),02/12/22 23:00:00,A,F11,TLW,SK,2015,0,
ESTAT:ORG_AQTSPEC(1.0),02/12/22 23:00:00,A,F11,TLW,SK,2016,0,
ESTAT:ORG_AQTSPEC(1.0),02/12/22 23:00:00,A,F11,TLW,TR,2015,0,
ESTAT:ORG_AQTSPEC(1.0),02/12/22 23:00:00,A,F11,TLW,TR,2016,0,
ESTAT:ORG_AQTSPEC(1.0),02/12/22 23:00:00,A,F11,TLW,TR,2017,0,
ESTAT:ORG_AQTSPEC(1.0),02/12/22 23:00:00,A,F11,TLW,TR,2021,0,
ESTAT:ORG_AQTSPEC(1.0),02/12/22 23:00:00,A,F21,TLW,BE,2013,0,
ESTAT:ORG_AQTSPEC(1.0),02/12/22 23:00:00,A,F21,TLW,BG,2012,0,
ESTAT:ORG_AQTSPEC(1.0),02/12/22 23:00:00,A,F21,TLW,BG,2018,0,
ESTAT:ORG_AQTSPEC(1.0),02/12/22 23:00:00,A,F21,TLW,BG,2021,0,
ESTAT:ORG_AQTSPEC(1.0),02/12/22 23:00:00,A,F21,TLW,CY,2013,0,
ESTAT:ORG_AQTSPEC(1.0),02/12/22 23:00:00,A,F21,TLW,CY,2020,0,
ESTAT:ORG_AQTSPEC(1.0),02/12/22 23:00:00,A,F21,TLW,EE,2021,0,
ESTAT:ORG_AQTSPEC(1.0),02/12/22 23:00:00,A,F21,TLW,ES,2012,344,
ESTAT:ORG_AQTSPEC(1.0),02/12/22 23:00:00,A,F21,TLW,ES,2013,377,
ESTAT:ORG_AQTSPEC(1.0),02/12/22 23:00:00,A,F21,TLW,ES,2014,379,
ESTAT:ORG_AQTSPEC(1.0),02/12/22 23:00:00,A,F21,TLW,ES,2015,1007,
ESTAT:ORG_AQTSPEC(1.0),02/12/22 23:00:00,A,F21,TLW,ES,2016,1751,
ESTAT:ORG_AQTSPEC(1.0),02/12/22 23:00:00,A,F21,TLW,ES,2017,1745,
ESTAT:ORG_AQTSPEC(1.0),02/12/22 23:00:00,A,F21,TLW,ES,2018,1756,
ESTAT:ORG_AQTSPEC(1.0),02/12/22 23:00:00,A,F21,TLW,ES,2019,1766,
ESTAT:ORG_AQTSPEC(1.0),02/12/22 23:00:00,A,F21,TLW,ES,2020,2520,
ESTAT:ORG_AQTSPEC(1.0),02/12/22 23:00:00,A,F21,TLW,ES,2021,278,
ESTAT:ORG_AQTSPEC(1.0),02/12/22 23:00:00,A,F21,TLW,HR,2012,0,
ESTAT:ORG_AQTSPEC(1.0),02/12/22 23:00:00,A,F21,TLW,HR,2013,0,
ESTAT:ORG_AQTSPEC(1.0),02/12/22 23:00:00,A,F21,TLW,HR,2019,0,
ESTAT:ORG_AQTSPEC(1.0),02/12/22 23:00:00,A,F21,TLW,HR,2020,0,
ESTAT:ORG_AQTSPEC(1.0),02/12/22 23:00:00,A,F21,TLW,HU,2012,0,
ESTAT:ORG_AQTSPEC(1.0),02/12/22 23:00:00,A,F21,TLW,HU,2013,0,
ESTAT:ORG_AQTSPEC(1.0),02/12/22 23:00:00,A,F21,TLW,IS,2019,0,
ESTAT:ORG_AQTSPEC(1.0),02/12/22 23:00:00,A,F21,TLW,IT,2012,0,
ESTAT:ORG_AQTSPEC(1.0),02/12/22 23:00:00,A,F21,TLW,IT,2013,0,
ESTAT:ORG_AQTSPEC(1.0),02/12/22 23:00:00,A,F21,TLW,IT,2015,0,
ESTAT:ORG_AQTSPEC(1.0),02/12/22 23:00:00,A,F21,TLW,LT,2014,0,
ESTAT:ORG_AQTSPEC(1.0),02/12/22 23:00:00,A,F21,TLW,LT,2016,0,
ESTAT:ORG_AQTSPEC(1.0),02/12/22 23:00:00,A,F21,TLW,LT,2018,,c
ESTAT:ORG_AQTSPEC(1.0),02/12/22 23:00:00,A,F21,TLW,LT,2019,,c
ESTAT:ORG_AQTSPEC(1.0),02/12/22 23:00:00,A,F21,TLW,LT,2021,2,
ESTAT:ORG_AQTSPEC(1.0),02/12/22 23:00:00,A,F21,TLW,LU,2016,0,
ESTAT:ORG_AQTSPEC(1.0),02/12/22 23:00:00,A,F21,TLW,LU,2017,0,
ESTAT:ORG_AQTSPEC(1.0),02/12/22 23:00:00,A,F21,TLW,LU,2018,0,
ESTAT:ORG_AQTSPEC(1.0),02/12/22 23:00:00,A,F21,TLW,LU,2019,0,
ESTAT:ORG_AQTSPEC(1.0),02/12/22 23:00:00,A,F21,TLW,LU,2020,0,
ESTAT:ORG_AQTSPEC(1.0),02/12/22 23:00:00,A,F21,TLW,LU,2021,0,
ESTAT:ORG_AQTSPEC(1.0),02/12/22 23:00:00,A,F21,TLW,ME,2021,0,
ESTAT:ORG_AQTSPEC(1.0),02/12/22 23:00:00,A,F21,TLW,MK,2013,0,
ESTAT:ORG_AQTSPEC(1.0),02/12/22 23:00:00,A,F21,TLW,MK,2014,0,
ESTAT:ORG_AQTSPEC(1.0),02/12/22 23:00:00,A,F21,TLW,MK,2021,0,
ESTAT:ORG_AQTSPEC(1.0),02/12/22 23:00:00,A,F21,TLW,MT,2014,0,
ESTAT:ORG_AQTSPEC(1.0),02/12/22 23:00:00,A,F21,TLW,MT,2015,0,
ESTAT:ORG_AQTSPEC(1.0),02/12/22 23:00:00,A,F21,TLW,MT,2016,0,
ESTAT:ORG_AQTSPEC(1.0),02/12/22 23:00:00,A,F21,TLW,MT,2017,0,
ESTAT:ORG_AQTSPEC(1.0),02/12/22 23:00:00,A,F21,TLW,MT,2018,0,
ESTAT:ORG_AQTSPEC(1.0),02/12/22 23:00:00,A,F21,TLW,MT,2021,0,
ESTAT:ORG_AQTSPEC(1.0),02/12/22 23:00:00,A,F21,TLW,NL,2021,0,
ESTAT:ORG_AQTSPEC(1.0),02/12/22 23:00:00,A,F21,TLW,PL,2017,0,
ESTAT:ORG_AQTSPEC(1.0),02/12/22 23:00:00,A,F21,TLW,PL,2019,0,
ESTAT:ORG_AQTSPEC(1.0),02/12/22 23:00:00,A,F21,TLW,RO,2014,0,
ESTAT:ORG_AQTSPEC(1.0),02/12/22 23:00:00,A,F21,TLW,RO,2015,0,
ESTAT:ORG_AQTSPEC(1.0),02/12/22 23:00:00,A,F21,TLW,RO,2016,0,
ESTAT:ORG_AQTSPEC(1.0),02/12/22 23:00:00,A,F21,TLW,RO,2019,0,
ESTAT:ORG_AQTSPEC(1.0),02/12/22 23:00:00,A,F21,TLW,RO,2020,0,
ESTAT:ORG_AQTSPEC(1.0),02/12/22 23:00:00,A,F21,TLW,RO,2021,1,
ESTAT:ORG_AQTSPEC(1.0),02/12/22 23:00:00,A,F21,TLW,RS,2013,0,
ESTAT:ORG_AQTSPEC(1.0),02/12/22 23:00:00,A,F21,TLW,SK,2012,0,
ESTAT:ORG_AQTSPEC(1.0),02/12/22 23:00:00,A,F21,TLW,SK,2013,0,
ESTAT:ORG_AQTSPEC(1.0),02/12/22 23:00:00,A,F21,TLW,SK,2015,0,
ESTAT:ORG_AQTSPEC(1.0),02/12/22 23:00:00,A,F21,TLW,SK,2016,0,
ESTAT:ORG_AQTSPEC(1.0),02/12/22 23:00:00,A,F21,TLW,TR,2015,0,
ESTAT:ORG_AQTSPEC(1.0),02/12/22 23:00:00,A,F21,TLW,TR,2016,0,
ESTAT:ORG_AQTSPEC(1.0),02/12/22 23:00:00,A,F21,TLW,TR,2017,0,
ESTAT:ORG_AQTSPEC(1.0),02/12/22 23:00:00,A,F21,TLW,TR,2021,0,
ESTAT:ORG_AQTSPEC(1.0),02/12/22 23:00:00,A,F53,TLW,BE,2013,0,
ESTAT:ORG_AQTSPEC(1.0),02/12/22 23:00:00,A,F53,TLW,BG,2012,0,
ESTAT:ORG_AQTSPEC(1.0),02/12/22 23:00:00,A,F53,TLW,BG,2018,0,
ESTAT:ORG_AQTSPEC(1.0),02/12/22 23:00:00,A,F53,TLW,BG,2021,0,
ESTAT:ORG_AQTSPEC(1.0),02/12/22 23:00:00,A,F53,TLW,CY,2013,0,
ESTAT:ORG_AQTSPEC(1.0),02/12/22 23:00:00,A,F53,TLW,CY,2020,0,
ESTAT:ORG_AQTSPEC(1.0),02/12/22 23:00:00,A,F53,TLW,EE,2021,0,
ESTAT:ORG_AQTSPEC(1.0),02/12/22 23:00:00,A,F53,TLW,ES,2012,0,
ESTAT:ORG_AQTSPEC(1.0),02/12/22 23:00:00,A,F53,TLW,ES,2013,0,
ESTAT:ORG_AQTSPEC(1.0),02/12/22 23:00:00,A,F53,TLW,ES,2014,0,
ESTAT:ORG_AQTSPEC(1.0),02/12/22 23:00:00,A,F53,TLW,ES,2015,0,
ESTAT:ORG_AQTSPEC(1.0),02/12/22 23:00:00,A,F53,TLW,ES,2016,0,
ESTAT:ORG_AQTSPEC(1.0),02/12/22 23:00:00,A,F53,TLW,ES,2017,0,
ESTAT:ORG_AQTSPEC(1.0),02/12/22 23:00:00,A,F53,TLW,ES,2018,56,
ESTAT:ORG_AQTSPEC(1.0),02/12/22 23:00:00,A,F53,TLW,ES,2019,6,
ESTAT:ORG_AQTSPEC(1.0),02/12/22 23:00:00,A,F53,TLW,ES,2020,37,
ESTAT:ORG_AQTSPEC(1.0),02/12/22 23:00:00,A,F53,TLW,ES,2021,11,
ESTAT:ORG_AQTSPEC(1.0),02/12/22 23:00:00,A,F53,TLW,HR,2012,50,
ESTAT:ORG_AQTSPEC(1.0),02/12/22 23:00:00,A,F53,TLW,HR,2013,5,
ESTAT:ORG_AQTSPEC(1.0),02/12/22 23:00:00,A,F53,TLW,HR,2019,0,
ESTAT:ORG_AQTSPEC(1.0),02/12/22 23:00:00,A,F53,TLW,HR,2020,0,
ESTAT:ORG_AQTSPEC(1.0),02/12/22 23:00:00,A,F53,TLW,HU,2012,0,
ESTAT:ORG_AQTSPEC(1.0),02/12/22 23:00:00,A,F53,TLW,HU,2013,0,
ESTAT:ORG_AQTSPEC(1.0),02/12/22 23:00:00,A,F53,TLW,IS,2019,0,
ESTAT:ORG_AQTSPEC(1.0),02/12/22 23:00:00,A,F53,TLW,IT,2012,15,
ESTAT:ORG_AQTSPEC(1.0),02/12/22 23:00:00,A,F53,TLW,IT,2013,1,
ESTAT:ORG_AQTSPEC(1.0),02/12/22 23:00:00,A,F53,TLW,IT,2014,4820,
ESTAT:ORG_AQTSPEC(1.0),02/12/22 23:00:00,A,F53,TLW,IT,2015,0,
ESTAT:ORG_AQTSPEC(1.0),02/12/22 23:00:00,A,F53,TLW,LT,2014,0,
ESTAT:ORG_AQTSPEC(1.0),02/12/22 23:00:00,A,F53,TLW,LT,2018,,c
ESTAT:ORG_AQTSPEC(1.0),02/12/22 23:00:00,A,F53,TLW,LT,2019,,c
ESTAT:ORG_AQTSPEC(1.0),02/12/22 23:00:00,A,F53,TLW,LT,2020,0,
ESTAT:ORG_AQTSPEC(1.0),02/12/22 23:00:00,A,F53,TLW,LT,2021,0,
ESTAT:ORG_AQTSPEC(1.0),02/12/22 23:00:00,A,F53,TLW,LU,2016,0,
ESTAT:ORG_AQTSPEC(1.0),02/12/22 23:00:00,A,F53,TLW,LU,2017,0,
ESTAT:ORG_AQTSPEC(1.0),02/12/22 23:00:00,A,F53,TLW,LU,2018,0,
ESTAT:ORG_AQTSPEC(1.0),02/12/22 23:00:00,A,F53,TLW,LU,2019,0,
ESTAT:ORG_AQTSPEC(1.0),02/12/22 23:00:00,A,F53,TLW,LU,2020,0,
ESTAT:ORG_AQTSPEC(1.0),02/12/22 23:00:00,A,F53,TLW,LU,2021,0,
ESTAT:ORG_AQTSPEC(1.0),02/12/22 23:00:00,A,F53,TLW,ME,2021,0,
ESTAT:ORG_AQTSPEC(1.0),02/12/22 23:00:00,A,F53,TLW,MK,2013,0,
ESTAT:ORG_AQTSPEC(1.0),02/12/22 23:00:00,A,F53,TLW,MK,2014,0,
ESTAT:ORG_AQTSPEC(1.0),02/12/22 23:00:00,A,F53,TLW,MK,2021,0,
ESTAT:ORG_AQTSPEC(1.0),02/12/22 23:00:00,A,F53,TLW,MT,2014,0,
ESTAT:ORG_AQTSPEC(1.0),02/12/22 23:00:00,A,F53,TLW,MT,2015,0,
ESTAT:ORG_AQTSPEC(1.0),02/12/22 23:00:00,A,F53,TLW,MT,2016,0,
ESTAT:ORG_AQTSPEC(1.0),02/12/22 23:00:00,A,F53,TLW,MT,2017,0,
ESTAT:ORG_AQTSPEC(1.0),02/12/22 23:00:00,A,F53,TLW,MT,2018,0,
ESTAT:ORG_AQTSPEC(1.0),02/12/22 23:00:00,A,F53,TLW,MT,2021,0,
ESTAT:ORG_AQTSPEC(1.0),02/12/22 23:00:00,A,F53,TLW,PL,2017,0,
ESTAT:ORG_AQTSPEC(1.0),02/12/22 23:00:00,A,F53,TLW,PL,2019,0,
ESTAT:ORG_AQTSPEC(1.0),02/12/22 23:00:00,A,F53,TLW,RO,2014,0,
ESTAT:ORG_AQTSPEC(1.0),02/12/22 23:00:00,A,F53,TLW,RO,2015,0,
ESTAT:ORG_AQTSPEC(1.0),02/12/22 23:00:00,A,F53,TLW,RO,2016,0,
ESTAT:ORG_AQTSPEC(1.0),02/12/22 23:00:00,A,F53,TLW,RO,2019,0,
ESTAT:ORG_AQTSPEC(1.0),02/12/22 23:00:00,A,F53,TLW,RO,2020,0,
ESTAT:ORG_AQTSPEC(1.0),02/12/22 23:00:00,A,F53,TLW,RS,2013,0,
ESTAT:ORG_AQTSPEC(1.0),02/12/22 23:00:00,A,F53,TLW,SE,2020,,c
ESTAT:ORG_AQTSPEC(1.0),02/12/22 23:00:00,A,F53,TLW,SK,2012,0,
ESTAT:ORG_AQTSPEC(1.0),02/12/22 23:00:00,A,F53,TLW,SK,2013,0,
ESTAT:ORG_AQTSPEC(1.0),02/12/22 23:00:00,A,F53,TLW,SK,2015,0,
ESTAT:ORG_AQTSPEC(1.0),02/12/22 23:00:00,A,F53,TLW,SK,2016,0,
ESTAT:ORG_AQTSPEC(1.0),02/12/22 23:00:00,A,F53,TLW,TR,2015,0,
ESTAT:ORG_AQTSPEC(1.0),02/12/22 23:00:00,A,F53,TLW,TR,2016,0,
ESTAT:ORG_AQTSPEC(1.0),02/12/22 23:00:00,A,F53,TLW,TR,2017,0,
ESTAT:ORG_AQTSPEC(1.0),02/12/22 23:00:00,A,F53,TLW,TR,2021,0,
ESTAT:ORG_AQTSPEC(1.0),02/12/22 23:00:00,A,F54,TLW,BE,2013,0,
ESTAT:ORG_AQTSPEC(1.0),02/12/22 23:00:00,A,F54,TLW,BG,2012,0,
ESTAT:ORG_AQTSPEC(1.0),02/12/22 23:00:00,A,F54,TLW,BG,2015,80,
ESTAT:ORG_AQTSPEC(1.0),02/12/22 23:00:00,A,F54,TLW,BG,2016,1400,
ESTAT:ORG_AQTSPEC(1.0),02/12/22 23:00:00,A,F54,TLW,BG,2017,2000,
ESTAT:ORG_AQTSPEC(1.0),02/12/22 23:00:00,A,F54,TLW,BG,2018,1500,
ESTAT:ORG_AQTSPEC(1.0),02/12/22 23:00:00,A,F54,TLW,BG,2019,3000,
ESTAT:ORG_AQTSPEC(1.0),02/12/22 23:00:00,A,F54,TLW,BG,2020,2500,
ESTAT:ORG_AQTSPEC(1.0),02/12/22 23:00:00,A,F54,TLW,BG,2021,1836,
ESTAT:ORG_AQTSPEC(1.0),02/12/22 23:00:00,A,F54,TLW,CY,2013,0,
ESTAT:ORG_AQTSPEC(1.0),02/12/22 23:00:00,A,F54,TLW,CY,2020,0,
ESTAT:ORG_AQTSPEC(1.0),02/12/22 23:00:00,A,F54,TLW,DK,2012,13,
ESTAT:ORG_AQTSPEC(1.0),02/12/22 23:00:00,A,F54,TLW,DK,2013,2,
ESTAT:ORG_AQTSPEC(1.0),02/12/22 23:00:00,A,F54,TLW,DK,2014,1153,
ESTAT:ORG_AQTSPEC(1.0),02/12/22 23:00:00,A,F54,TLW,DK,2015,1299,
ESTAT:ORG_AQTSPEC(1.0),02/12/22 23:00:00,A,F54,TLW,DK,2016,1345,
ESTAT:ORG_AQTSPEC(1.0),02/12/22 23:00:00,A,F54,TLW,DK,2017,2227,
ESTAT:ORG_AQTSPEC(1.0),02/12/22 23:00:00,A,F54,TLW,DK,2018,2594,
ESTAT:ORG_AQTSPEC(1.0),02/12/22 23:00:00,A,F54,TLW,DK,2019,5578,
ESTAT:ORG_AQTSPEC(1.0),02/12/22 23:00:00,A,F54,TLW,DK,2020,4818,
ESTAT:ORG_AQTSPEC(1.0),02/12/22 23:00:00,A,F54,TLW,EE,2021,0,
ESTAT:ORG_AQTSPEC(1.0),02/12/22 23:00:00,A,F54,TLW,ES,2012,160,
ESTAT:ORG_AQTSPEC(1.0),02/12/22 23:00:00,A,F54,TLW,ES,2013,259,
ESTAT:ORG_AQTSPEC(1.0),02/12/22 23:00:00,A,F54,TLW,ES,2014,249,
ESTAT:ORG_AQTSPEC(1.0),02/12/22 23:00:00,A,F54,TLW,ES,2015,1163,
ESTAT:ORG_AQTSPEC(1.0),02/12/22 23:00:00,A,F54,TLW,ES,2016,896,
ESTAT:ORG_AQTSPEC(1.0),02/12/22 23:00:00,A,F54,TLW,ES,2017,1684,
ESTAT:ORG_AQTSPEC(1.0),02/12/22 23:00:00,A,F54,TLW,ES,2018,3125,
ESTAT:ORG_AQTSPEC(1.0),02/12/22 23:00:00,A,F54,TLW,ES,2019,2976,
ESTAT:ORG_AQTSPEC(1.0),02/12/22 23:00:00,A,F54,TLW,ES,2020,3104,
ESTAT:ORG_AQTSPEC(1.0),02/12/22 23:00:00,A,F54,TLW,ES,2021,2806,
ESTAT:ORG_AQTSPEC(1.0),02/12/22 23:00:00,A,F54,TLW,HR,2012,200,
ESTAT:ORG_AQTSPEC(1.0),02/12/22 23:00:00,A,F54,TLW,HR,2013,100,
ESTAT:ORG_AQTSPEC(1.0),02/12/22 23:00:00,A,F54,TLW,HR,2018,60,
ESTAT:ORG_AQTSPEC(1.0),02/12/22 23:00:00,A,F54,TLW,HR,2019,59,
ESTAT:ORG_AQTSPEC(1.0),02/12/22 23:00:00,A,F54,TLW,HR,2020,35,
ESTAT:ORG_AQTSPEC(1.0),02/12/22 23:00:00,A,F54,TLW,HU,2012,0,
ESTAT:ORG_AQTSPEC(1.0),02/12/22 23:00:00,A,F54,TLW,HU,2013,0,
ESTAT:ORG_AQTSPEC(1.0),02/12/22 23:00:00,A,F54,TLW,IE,2015,9136,
ESTAT:ORG_AQTSPEC(1.0),02/12/22 23:00:00,A,F54,TLW,IE,2016,8235,
ESTAT:ORG_AQTSPEC(1.0),02/12/22 23:00:00,A,F54,TLW,IE,2017,14542,
ESTAT:ORG_AQTSPEC(1.0),02/12/22 23:00:00,A,F54,TLW,IS,2019,0,
ESTAT:ORG_AQTSPEC(1.0),02/12/22 23:00:00,A,F54,TLW,IT,2015,5188,
ESTAT:ORG_AQTSPEC(1.0),02/12/22 23:00:00,A,F54,TLW,LT,2014,0,
ESTAT:ORG_AQTSPEC(1.0),02/12/22 23:00:00,A,F54,TLW,LT,2018,,c
ESTAT:ORG_AQTSPEC(1.0),02/12/22 23:00:00,A,F54,TLW,LT,2019,,c
ESTAT:ORG_AQTSPEC(1.0),02/12/22 23:00:00,A,F54,TLW,LT,2020,0,
ESTAT:ORG_AQTSPEC(1.0),02/12/22 23:00:00,A,F54,TLW,LT,2021,0,
ESTAT:ORG_AQTSPEC(1.0),02/12/22 23:00:00,A,F54,TLW,LU,2016,0,
ESTAT:ORG_AQTSPEC(1.0),02/12/22 23:00:00,A,F54,TLW,LU,2017,0,
ESTAT:ORG_AQTSPEC(1.0),02/12/22 23:00:00,A,F54,TLW,LU,2018,0,
ESTAT:ORG_AQTSPEC(1.0),02/12/22 23:00:00,A,F54,TLW,LU,2019,0,
ESTAT:ORG_AQTSPEC(1.0),02/12/22 23:00:00,A,F54,TLW,LU,2020,0,
ESTAT:ORG_AQTSPEC(1.0),02/12/22 23:00:00,A,F54,TLW,LU,2021,0,
ESTAT:ORG_AQTSPEC(1.0),02/12/22 23:00:00,A,F54,TLW,ME,2021,0,
ESTAT:ORG_AQTSPEC(1.0),02/12/22 23:00:00,A,F54,TLW,MK,2013,0,
ESTAT:ORG_AQTSPEC(1.0),02/12/22 23:00:00,A,F54,TLW,MK,2014,0,
ESTAT:ORG_AQTSPEC(1.0),02/12/22 23:00:00,A,F54,TLW,MK,2021,0,
ESTAT:ORG_AQTSPEC(1.0),02/12/22 23:00:00,A,F54,TLW,MT,2014,0,
ESTAT:ORG_AQTSPEC(1.0),02/12/22 23:00:00,A,F54,TLW,MT,2015,0,
ESTAT:ORG_AQTSPEC(1.0),02/12/22 23:00:00,A,F54,TLW,MT,2016,0,
ESTAT:ORG_AQTSPEC(1.0),02/12/22 23:00:00,A,F54,TLW,MT,2017,0,
ESTAT:ORG_AQTSPEC(1.0),02/12/22 23:00:00,A,F54,TLW,MT,2018,0,
ESTAT:ORG_AQTSPEC(1.0),02/12/22 23:00:00,A,F54,TLW,MT,2021,0,
ESTAT:ORG_AQTSPEC(1.0),02/12/22 23:00:00,A,F54,TLW,NL,2016,5195,
ESTAT:ORG_AQTSPEC(1.0),02/12/22 23:00:00,A,F54,TLW,NL,2017,3611,
ESTAT:ORG_AQTSPEC(1.0),02/12/22 23:00:00,A,F54,TLW,NL,2018,3751,
ESTAT:ORG_AQTSPEC(1.0),02/12/22 23:00:00,A,F54,TLW,NL,2019,8536,
ESTAT:ORG_AQTSPEC(1.0),02/12/22 23:00:00,A,F54,TLW,NL,2020,7978,
ESTAT:ORG_AQTSPEC(1.0),02/12/22 23:00:00,A,F54,TLW,NL,2021,15277,
ESTAT:ORG_AQTSPEC(1.0),02/12/22 23:00:00,A,F54,TLW,NO,2015,600,
ESTAT:ORG_AQTSPEC(1.0),02/12/22 23:00:00,A,F54,TLW,NO,2016,1200,
ESTAT:ORG_AQTSPEC(1.0),02/12/22 23:00:00,A,F54,TLW,NO,2017,1200,
ESTAT:ORG_AQTSPEC(1.0),02/12/22 23:00:00,A,F54,TLW,NO,2018,1200,
ESTAT:ORG_AQTSPEC(1.0),02/12/22 23:00:00,A,F54,TLW,NO,2019,1410,
ESTAT:ORG_AQTSPEC(1.0),02/12/22 23:00:00,A,F54,TLW,NO,2020,1410,
ESTAT:ORG_AQTSPEC(1.0),02/12/22 23:00:00,A,F54,TLW,PL,2017,0,
ESTAT:ORG_AQTSPEC(1.0),02/12/22 23:00:00,A,F54,TLW,PL,2019,0,
ESTAT:ORG_AQTSPEC(1.0),02/12/22 23:00:00,A,F54,TLW,PT,2015,1300,
ESTAT:ORG_AQTSPEC(1.0),02/12/22 23:00:00,A,F54,TLW,PT,2016,1100,
ESTAT:ORG_AQTSPEC(1.0),02/12/22 23:00:00,A,F54,TLW,PT,2017,1100,
ESTAT:ORG_AQTSPEC(1.0),02/12/22 23:00:00,A,F54,TLW,RO,2014,0,
ESTAT:ORG_AQTSPEC(1.0),02/12/22 23:00:00,A,F54,TLW,RO,2015,0,
ESTAT:ORG_AQTSPEC(1.0),02/12/22 23:00:00,A,F54,TLW,RO,2016,0,
ESTAT:ORG_AQTSPEC(1.0),02/12/22 23:00:00,A,F54,TLW,RO,2019,0,
ESTAT:ORG_AQTSPEC(1.0),02/12/22 23:00:00,A,F54,TLW,RO,2020,0,
ESTAT:ORG_AQTSPEC(1.0),02/12/22 23:00:00,A,F54,TLW,RS,2013,0,
ESTAT:ORG_AQTSPEC(1.0),02/12/22 23:00:00,A,F54,TLW,SE,2017,,n
ESTAT:ORG_AQTSPEC(1.0),02/12/22 23:00:00,A,F54,TLW,SE,2018,,n
ESTAT:ORG_AQTSPEC(1.0),02/12/22 23:00:00,A,F54,TLW,SE,2020,,c
ESTAT:ORG_AQTSPEC(1.0),02/12/22 23:00:00,A,F54,TLW,SE,2021,,c
ESTAT:ORG_AQTSPEC(1.0),02/12/22 23:00:00,A,F54,TLW,SI,2016,60,
ESTAT:ORG_AQTSPEC(1.0),02/12/22 23:00:00,A,F54,TLW,SK,2012,0,
ESTAT:ORG_AQTSPEC(1.0),02/12/22 23:00:00,A,F54,TLW,SK,2013,0,
ESTAT:ORG_AQTSPEC(1.0),02/12/22 23:00:00,A,F54,TLW,SK,2015,0,
ESTAT:ORG_AQTSPEC(1.0),02/12/22 23:00:00,A,F54,TLW,SK,2016,0,
ESTAT:ORG_AQTSPEC(1.0),02/12/22 23:00:00,A,F54,TLW,TR,2015,0,
ESTAT:ORG_AQTSPEC(1.0),02/12/22 23:00:00,A,F54,TLW,TR,2016,0,
ESTAT:ORG_AQTSPEC(1.0),02/12/22 23:00:00,A,F54,TLW,TR,2017,0,
ESTAT:ORG_AQTSPEC(1.0),02/12/22 23:00:00,A,F54,TLW,TR,2021,0,
ESTAT:ORG_AQTSPEC(1.0),02/12/22 23:00:00,A,F90,TLW,BG,2018,0,
ESTAT:ORG_AQTSPEC(1.0),02/12/22 23:00:00,A,F90,TLW,BG,2019,4,
ESTAT:ORG_AQTSPEC(1.0),02/12/22 23:00:00,A,F90,TLW,BG,2021,0,
ESTAT:ORG_AQTSPEC(1.0),02/12/22 23:00:00,A,F90,TLW,CY,2020,0,
ESTAT:ORG_AQTSPEC(1.0),02/12/22 23:00:00,A,F90,TLW,DK,2014,10,
ESTAT:ORG_AQTSPEC(1.0),02/12/22 23:00:00,A,F90,TLW,DK,2015,1,
ESTAT:ORG_AQTSPEC(1.0),02/12/22 23:00:00,A,F90,TLW,DK,2020,22,
ESTAT:ORG_AQTSPEC(1.0),02/12/22 23:00:00,A,F90,TLW,EE,2021,0,
ESTAT:ORG_AQTSPEC(1.0),02/12/22 23:00:00,A,F90,TLW,ES,2014,129,
ESTAT:ORG_AQTSPEC(1.0),02/12/22 23:00:00,A,F90,TLW,ES,2015,57,
ESTAT:ORG_AQTSPEC(1.0),02/12/22 23:00:00,A,F90,TLW,ES,2016,282,
ESTAT:ORG_AQTSPEC(1.0),02/12/22 23:00:00,A,F90,TLW,ES,2017,508,
ESTAT:ORG_AQTSPEC(1.0),02/12/22 23:00:00,A,F90,TLW,ES,2018,722,
ESTAT:ORG_AQTSPEC(1.0),02/12/22 23:00:00,A,F90,TLW,ES,2019,675,
ESTAT:ORG_AQTSPEC(1.0),02/12/22 23:00:00,A,F90,TLW,ES,2020,564,
ESTAT:ORG_AQTSPEC(1.0),02/12/22 23:00:00,A,F90,TLW,ES,2021,872,
ESTAT:ORG_AQTSPEC(1.0),02/12/22 23:00:00,A,F90,TLW,HR,2014,0,
ESTAT:ORG_AQTSPEC(1.0),02/12/22 23:00:00,A,F90,TLW,HR,2019,0,
ESTAT:ORG_AQTSPEC(1.0),02/12/22 23:00:00,A,F90,TLW,IE,2015,339,
ESTAT:ORG_AQTSPEC(1.0),02/12/22 23:00:00,A,F90,TLW,IE,2016,8903,
ESTAT:ORG_AQTSPEC(1.0),02/12/22 23:00:00,A,F90,TLW,IE,2017,7,
ESTAT:ORG_AQTSPEC(1.0),02/12/22 23:00:00,A,F90,TLW,IS,2019,17482,
ESTAT:ORG_AQTSPEC(1.0),02/12/22 23:00:00,A,F90,TLW,IS,2020,15730,
ESTAT:ORG_AQTSPEC(1.0),02/12/22 23:00:00,A,F90,TLW,IT,2014,276,
ESTAT:ORG_AQTSPEC(1.0),02/12/22 23:00:00,A,F90,TLW,IT,2015,0,
ESTAT:ORG_AQTSPEC(1.0),02/12/22 23:00:00,A,F90,TLW,LT,2018,,c
ESTAT:ORG_AQTSPEC(1.0),02/12/22 23:00:00,A,F90,TLW,LT,2019,,c
ESTAT:ORG_AQTSPEC(1.0),02/12/22 23:00:00,A,F90,TLW,LT,2020,0,
ESTAT:ORG_AQTSPEC(1.0),02/12/22 23:00:00,A,F90,TLW,LT,2021,0,
ESTAT:ORG_AQTSPEC(1.0),02/12/22 23:00:00,A,F90,TLW,LU,2016,0,
ESTAT:ORG_AQTSPEC(1.0),02/12/22 23:00:00,A,F90,TLW,LU,2017,0,
ESTAT:ORG_AQTSPEC(1.0),02/12/22 23:00:00,A,F90,TLW,LU,2018,0,
ESTAT:ORG_AQTSPEC(1.0),02/12/22 23:00:00,A,F90,TLW,LU,2019,0,
ESTAT:ORG_AQTSPEC(1.0),02/12/22 23:00:00,A,F90,TLW,LU,2020,0,
ESTAT:ORG_AQTSPEC(1.0),02/12/22 23:00:00,A,F90,TLW,LU,2021,0,
ESTAT:ORG_AQTSPEC(1.0),02/12/22 23:00:00,A,F90,TLW,ME,2021,0,
ESTAT:ORG_AQTSPEC(1.0),02/12/22 23:00:00,A,F90,TLW,MK,2013,0,
ESTAT:ORG_AQTSPEC(1.0),02/12/22 23:00:00,A,F90,TLW,MK,2014,0,
ESTAT:ORG_AQTSPEC(1.0),02/12/22 23:00:00,A,F90,TLW,MK,2021,0,
ESTAT:ORG_AQTSPEC(1.0),02/12/22 23:00:00,A,F90,TLW,MT,2014,0,
ESTAT:ORG_AQTSPEC(1.0),02/12/22 23:00:00,A,F90,TLW,MT,2015,0,
ESTAT:ORG_AQTSPEC(1.0),02/12/22 23:00:00,A,F90,TLW,MT,2016,0,
ESTAT:ORG_AQTSPEC(1.0),02/12/22 23:00:00,A,F90,TLW,MT,2017,0,
ESTAT:ORG_AQTSPEC(1.0),02/12/22 23:00:00,A,F90,TLW,MT,2018,0,
ESTAT:ORG_AQTSPEC(1.0),02/12/22 23:00:00,A,F90,TLW,MT,2021,0,
ESTAT:ORG_AQTSPEC(1.0),02/12/22 23:00:00,A,F90,TLW,NO,2020,43,
ESTAT:ORG_AQTSPEC(1.0),02/12/22 23:00:00,A,F90,TLW,PL,2017,0,
ESTAT:ORG_AQTSPEC(1.0),02/12/22 23:00:00,A,F90,TLW,PL,2019,0,
ESTAT:ORG_AQTSPEC(1.0),02/12/22 23:00:00,A,F90,TLW,RO,2014,0,
ESTAT:ORG_AQTSPEC(1.0),02/12/22 23:00:00,A,F90,TLW,RO,2015,0,
ESTAT:ORG_AQTSPEC(1.0),02/12/22 23:00:00,A,F90,TLW,RO,2016,0,
ESTAT:ORG_AQTSPEC(1.0),02/12/22 23:00:00,A,F90,TLW,RO,2019,0,
ESTAT:ORG_AQTSPEC(1.0),02/12/22 23:00:00,A,F90,TLW,RO,2020,0,
ESTAT:ORG_AQTSPEC(1.0),02/12/22 23:00:00,A,F90,TLW,SE,2020,,c
ESTAT:ORG_AQTSPEC(1.0),02/12/22 23:00:00,A,F90,TLW,SE,2021,,c
ESTAT:ORG_AQTSPEC(1.0),02/12/22 23:00:00,A,F90,TLW,SK,2015,0,
ESTAT:ORG_AQTSPEC(1.0),02/12/22 23:00:00,A,F90,TLW,SK,2016,0,
ESTAT:ORG_AQTSPEC(1.0),02/12/22 23:00:00,A,F90,TLW,TR,2015,0,
ESTAT:ORG_AQTSPEC(1.0),02/12/22 23:00:00,A,F90,TLW,TR,2016,0,
ESTAT:ORG_AQTSPEC(1.0),02/12/22 23:00:00,A,F90,TLW,TR,2017,0,
ESTAT:ORG_AQTSPEC(1.0),02/12/22 23:00:00,A,F90,TLW,TR,2021,0,
ESTAT:ORG_AQTSPEC(1.0),02/12/22 23:00:00,A,SAL,TLW,BE,2013,0,
ESTAT:ORG_AQTSPEC(1.0),02/12/22 23:00:00,A,SAL,TLW,BG,2012,0,
ESTAT:ORG_AQTSPEC(1.0),02/12/22 23:00:00,A,SAL,TLW,BG,2018,0,
ESTAT:ORG_AQTSPEC(1.0),02/12/22 23:00:00,A,SAL,TLW,BG,2021,0,
ESTAT:ORG_AQTSPEC(1.0),02/12/22 23:00:00,A,SAL,TLW,CY,2013,0,
ESTAT:ORG_AQTSPEC(1.0),02/12/22 23:00:00,A,SAL,TLW,CY,2020,0,
ESTAT:ORG_AQTSPEC(1.0),02/12/22 23:00:00,A,SAL,TLW,EE,2021,0,
ESTAT:ORG_AQTSPEC(1.0),02/12/22 23:00:00,A,SAL,TLW,ES,2012,0,
ESTAT:ORG_AQTSPEC(1.0),02/12/22 23:00:00,A,SAL,TLW,ES,2013,0,
ESTAT:ORG_AQTSPEC(1.0),02/12/22 23:00:00,A,SAL,TLW,ES,2014,0,
ESTAT:ORG_AQTSPEC(1.0),02/12/22 23:00:00,A,SAL,TLW,ES,2015,0,
ESTAT:ORG_AQTSPEC(1.0),02/12/22 23:00:00,A,SAL,TLW,ES,2016,0,
ESTAT:ORG_AQTSPEC(1.0),02/12/22 23:00:00,A,SAL,TLW,ES,2017,0,
ESTAT:ORG_AQTSPEC(1.0),02/12/22 23:00:00,A,SAL,TLW,ES,2018,0,
ESTAT:ORG_AQTSPEC(1.0),02/12/22 23:00:00,A,SAL,TLW,ES,2019,0,
ESTAT:ORG_AQTSPEC(1.0),02/12/22 23:00:00,A,SAL,TLW,ES,2020,0,
ESTAT:ORG_AQTSPEC(1.0),02/12/22 23:00:00,A,SAL,TLW,HR,2012,0,
ESTAT:ORG_AQTSPEC(1.0),02/12/22 23:00:00,A,SAL,TLW,HR,2013,0,
ESTAT:ORG_AQTSPEC(1.0),02/12/22 23:00:00,A,SAL,TLW,HR,2019,0,
ESTAT:ORG_AQTSPEC(1.0),02/12/22 23:00:00,A,SAL,TLW,HR,2020,0,
ESTAT:ORG_AQTSPEC(1.0),02/12/22 23:00:00,A,SAL,TLW,HU,2012,0,
ESTAT:ORG_AQTSPEC(1.0),02/12/22 23:00:00,A,SAL,TLW,HU,2013,0,
ESTAT:ORG_AQTSPEC(1.0),02/12/22 23:00:00,A,SAL,TLW,IE,2015,21752,
ESTAT:ORG_AQTSPEC(1.0),02/12/22 23:00:00,A,SAL,TLW,IE,2016,23735,
ESTAT:ORG_AQTSPEC(1.0),02/12/22 23:00:00,A,SAL,TLW,IE,2017,28162,
ESTAT:ORG_AQTSPEC(1.0),02/12/22 23:00:00,A,SAL,TLW,IS,2019,0,
ESTAT:ORG_AQTSPEC(1.0),02/12/22 23:00:00,A,SAL,TLW,IT,2012,0,
ESTAT:ORG_AQTSPEC(1.0),02/12/22 23:00:00,A,SAL,TLW,IT,2013,0,
ESTAT:ORG_AQTSPEC(1.0),02/12/22 23:00:00,A,SAL,TLW,IT,2015,0,
ESTAT:ORG_AQTSPEC(1.0),02/12/22 23:00:00,A,SAL,TLW,LT,2014,0,
ESTAT:ORG_AQTSPEC(1.0),02/12/22 23:00:00,A,SAL,TLW,LT,2018,,c
ESTAT:ORG_AQTSPEC(1.0),02/12/22 23:00:00,A,SAL,TLW,LT,2019,,c
ESTAT:ORG_AQTSPEC(1.0),02/12/22 23:00:00,A,SAL,TLW,LT,2020,0,
ESTAT:ORG_AQTSPEC(1.0),02/12/22 23:00:00,A,SAL,TLW,LT,2021,0,
ESTAT:ORG_AQTSPEC(1.0),02/12/22 23:00:00,A,SAL,TLW,LU,2016,0,
ESTAT:ORG_AQTSPEC(1.0),02/12/22 23:00:00,A,SAL,TLW,LU,2017,0,
ESTAT:ORG_AQTSPEC(1.0),02/12/22 23:00:00,A,SAL,TLW,LU,2018,0,
ESTAT:ORG_AQTSPEC(1.0),02/12/22 23:00:00,A,SAL,TLW,LU,2019,0,
ESTAT:ORG_AQTSPEC(1.0),02/12/22 23:00:00,A,SAL,TLW,LU,2020,0,
ESTAT:ORG_AQTSPEC(1.0),02/12/22 23:00:00,A,SAL,TLW,LU,2021,0,
ESTAT:ORG_AQTSPEC(1.0),02/12/22 23:00:00,A,SAL,TLW,ME,2021,0,
ESTAT:ORG_AQTSPEC(1.0),02/12/22 23:00:00,A,SAL,TLW,MK,2013,0,
ESTAT:ORG_AQTSPEC(1.0),02/12/22 23:00:00,A,SAL,TLW,MK,2014,0,
ESTAT:ORG_AQTSPEC(1.0),02/12/22 23:00:00,A,SAL,TLW,MK,2021,0,
ESTAT:ORG_AQTSPEC(1.0),02/12/22 23:00:00,A,SAL,TLW,MT,2014,0,
ESTAT:ORG_AQTSPEC(1.0),02/12/22 23:00:00,A,SAL,TLW,MT,2015,0,
ESTAT:ORG_AQTSPEC(1.0),02/12/22 23:00:00,A,SAL,TLW,MT,2016,0,
ESTAT:ORG_AQTSPEC(1.0),02/12/22 23:00:00,A,SAL,TLW,MT,2017,0,
ESTAT:ORG_AQTSPEC(1.0),02/12/22 23:00:00,A,SAL,TLW,MT,2018,0,
ESTAT:ORG_AQTSPEC(1.0),02/12/22 23:00:00,A,SAL,TLW,MT,2021,0,
ESTAT:ORG_AQTSPEC(1.0),02/12/22 23:00:00,A,SAL,TLW,NL,2021,0,
ESTAT:ORG_AQTSPEC(1.0),02/12/22 23:00:00,A,SAL,TLW,NO,2015,16000,
ESTAT:ORG_AQTSPEC(1.0),02/12/22 23:00:00,A,SAL,TLW,NO,2016,16000,
ESTAT:ORG_AQTSPEC(1.0),02/12/22 23:00:00,A,SAL,TLW,NO,2017,12411,
ESTAT:ORG_AQTSPEC(1.0),02/12/22 23:00:00,A,SAL,TLW,NO,2018,15496,
ESTAT:ORG_AQTSPEC(1.0),02/12/22 23:00:00,A,SAL,TLW,NO,2019,16361,
ESTAT:ORG_AQTSPEC(1.0),02/12/22 23:00:00,A,SAL,TLW,NO,2020,25546,
ESTAT:ORG_AQTSPEC(1.0),02/12/22 23:00:00,A,SAL,TLW,PL,2017,0,
ESTAT:ORG_AQTSPEC(1.0),02/12/22 23:00:00,A,SAL,TLW,PL,2019,0,
ESTAT:ORG_AQTSPEC(1.0),02/12/22 23:00:00,A,SAL,TLW,RO,2013,45,
ESTAT:ORG_AQTSPEC(1.0),02/12/22 23:00:00,A,SAL,TLW,RO,2014,0,
ESTAT:ORG_AQTSPEC(1.0),02/12/22 23:00:00,A,SAL,TLW,RO,2015,0,
ESTAT:ORG_AQTSPEC(1.0),02/12/22 23:00:00,A,SAL,TLW,RO,2016,0,
ESTAT:ORG_AQTSPEC(1.0),02/12/22 23:00:00,A,SAL,TLW,RO,2019,0,
ESTAT:ORG_AQTSPEC(1.0),02/12/22 23:00:00,A,SAL,TLW,RO,2020,0,
ESTAT:ORG_AQTSPEC(1.0),02/12/22 23:00:00,A,SAL,TLW,RS,2013,0,
ESTAT:ORG_AQTSPEC(1.0),02/12/22 23:00:00,A,SAL,TLW,SK,2012,0,
ESTAT:ORG_AQTSPEC(1.0),02/12/22 23:00:00,A,SAL,TLW,SK,2013,0,
ESTAT:ORG_AQTSPEC(1.0),02/12/22 23:00:00,A,SAL,TLW,SK,2015,0,
ESTAT:ORG_AQTSPEC(1.0),02/12/22 23:00:00,A,SAL,TLW,SK,2016,0,
ESTAT:ORG_AQTSPEC(1.0),02/12/22 23:00:00,A,SAL,TLW,TR,2015,0,
ESTAT:ORG_AQTSPEC(1.0),02/12/22 23:00:00,A,SAL,TLW,TR,2016,0,
ESTAT:ORG_AQTSPEC(1.0),02/12/22 23:00:00,A,SAL,TLW,TR,2017,0,
ESTAT:ORG_AQTSPEC(1.0),02/12/22 23:00:00,A,SAL,TLW,TR,2021,0,
ESTAT:ORG_AQTSPEC(1.0),02/12/22 23:00:00,A,SBG,TLW,BG,2018,0,
ESTAT:ORG_AQTSPEC(1.0),02/12/22 23:00:00,A,SBG,TLW,BG,2021,0,
ESTAT:ORG_AQTSPEC(1.0),02/12/22 23:00:00,A,SBG,TLW,CY,2020,0,
ESTAT:ORG_AQTSPEC(1.0),02/12/22 23:00:00,A,SBG,TLW,EE,2021,0,
ESTAT:ORG_AQTSPEC(1.0),02/12/22 23:00:00,A,SBG,TLW,ES,2014,0,
ESTAT:ORG_AQTSPEC(1.0),02/12/22 23:00:00,A,SBG,TLW,ES,2015,0,
ESTAT:ORG_AQTSPEC(1.0),02/12/22 23:00:00,A,SBG,TLW,ES,2016,0,
ESTAT:ORG_AQTSPEC(1.0),02/12/22 23:00:00,A,SBG,TLW,ES,2017,113,
ESTAT:ORG_AQTSPEC(1.0),02/12/22 23:00:00,A,SBG,TLW,ES,2018,157,
ESTAT:ORG_AQTSPEC(1.0),02/12/22 23:00:00,A,SBG,TLW,ES,2019,109,
ESTAT:ORG_AQTSPEC(1.0),02/12/22 23:00:00,A,SBG,TLW,ES,2020,124,
ESTAT:ORG_AQTSPEC(1.0),02/12/22 23:00:00,A,SBG,TLW,HR,2018,104,
ESTAT:ORG_AQTSPEC(1.0),02/12/22 23:00:00,A,SBG,TLW,HR,2019,107,
ESTAT:ORG_AQTSPEC(1.0),02/12/22 23:00:00,A,SBG,TLW,HR,2020,145,
ESTAT:ORG_AQTSPEC(1.0),02/12/22 23:00:00,A,SBG,TLW,IS,2019,0,
ESTAT:ORG_AQTSPEC(1.0),02/12/22 23:00:00,A,SBG,TLW,IT,2015,0,
ESTAT:ORG_AQTSPEC(1.0),02/12/22 23:00:00,A,SBG,TLW,LT,2014,0,
ESTAT:ORG_AQTSPEC(1.0),02/12/22 23:00:00,A,SBG,TLW,LT,2018,,c
ESTAT:ORG_AQTSPEC(1.0),02/12/22 23:00:00,A,SBG,TLW,LT,2019,,c
ESTAT:ORG_AQTSPEC(1.0),02/12/22 23:00:00,A,SBG,TLW,LT,2020,0,
ESTAT:ORG_AQTSPEC(1.0),02/12/22 23:00:00,A,SBG,TLW,LT,2021,0,
ESTAT:ORG_AQTSPEC(1.0),02/12/22 23:00:00,A,SBG,TLW,LU,2016,0,
ESTAT:ORG_AQTSPEC(1.0),02/12/22 23:00:00,A,SBG,TLW,LU,2017,0,
ESTAT:ORG_AQTSPEC(1.0),02/12/22 23:00:00,A,SBG,TLW,LU,2018,0,
ESTAT:ORG_AQTSPEC(1.0),02/12/22 23:00:00,A,SBG,TLW,LU,2019,0,
ESTAT:ORG_AQTSPEC(1.0),02/12/22 23:00:00,A,SBG,TLW,LU,2020,0,
ESTAT:ORG_AQTSPEC(1.0),02/12/22 23:00:00,A,SBG,TLW,LU,2021,0,
ESTAT:ORG_AQTSPEC(1.0),02/12/22 23:00:00,A,SBG,TLW,ME,2021,0,
ESTAT:ORG_AQTSPEC(1.0),02/12/22 23:00:00,A,SBG,TLW,MK,2013,0,
ESTAT:ORG_AQTSPEC(1.0),02/12/22 23:00:00,A,SBG,TLW,MK,2014,0,
ESTAT:ORG_AQTSPEC(1.0),02/12/22 23:00:00,A,SBG,TLW,MK,2021,0,
ESTAT:ORG_AQTSPEC(1.0),02/12/22 23:00:00,A,SBG,TLW,MT,2014,0,
ESTAT:ORG_AQTSPEC(1.0),02/12/22 23:00:00,A,SBG,TLW,MT,2015,0,
ESTAT:ORG_AQTSPEC(1.0),02/12/22 23:00:00,A,SBG,TLW,MT,2016,0,
ESTAT:ORG_AQTSPEC(1.0),02/12/22 23:00:00,A,SBG,TLW,MT,2017,0,
ESTAT:ORG_AQTSPEC(1.0),02/12/22 23:00:00,A,SBG,TLW,MT,2018,0,
ESTAT:ORG_AQTSPEC(1.0),02/12/22 23:00:00,A,SBG,TLW,MT,2021,0,
ESTAT:ORG_AQTSPEC(1.0),02/12/22 23:00:00,A,SBG,TLW,NL,2021,0,
ESTAT:ORG_AQTSPEC(1.0),02/12/22 23:00:00,A,SBG,TLW,PL,2017,0,
ESTAT:ORG_AQTSPEC(1.0),02/12/22 23:00:00,A,SBG,TLW,PL,2019,0,
ESTAT:ORG_AQTSPEC(1.0),02/12/22 23:00:00,A,SBG,TLW,RO,2014,0,
ESTAT:ORG_AQTSPEC(1.0),02/12/22 23:00:00,A,SBG,TLW,RO,2015,0,
ESTAT:ORG_AQTSPEC(1.0),02/12/22 23:00:00,A,SBG,TLW,RO,2016,0,
ESTAT:ORG_AQTSPEC(1.0),02/12/22 23:00:00,A,SBG,TLW,RO,2019,0,
ESTAT:ORG_AQTSPEC(1.0),02/12/22 23:00:00,A,SBG,TLW,RO,2020,0,
ESTAT:ORG_AQTSPEC(1.0),02/12/22 23:00:00,A,SBG,TLW,SK,2015,0,
ESTAT:ORG_AQTSPEC(1.0),02/12/22 23:00:00,A,SBG,TLW,SK,2016,0,
ESTAT:ORG_AQTSPEC(1.0),02/12/22 23:00:00,A,SBG,TLW,TR,2015,317,
ESTAT:ORG_AQTSPEC(1.0),02/12/22 23:00:00,A,SBG,TLW,TR,2016,0,
ESTAT:ORG_AQTSPEC(1.0),02/12/22 23:00:00,A,SBG,TLW,TR,2017,0,
ESTAT:ORG_AQTSPEC(1.0),02/12/22 23:00:00,A,SBG,TLW,TR,2021,0,
ESTAT:ORG_AQTSPEC(1.0),02/12/22 23:00:00,A,TRR,TLW,AT,2016,46,
ESTAT:ORG_AQTSPEC(1.0),02/12/22 23:00:00,A,TRR,TLW,AT,2017,55,
ESTAT:ORG_AQTSPEC(1.0),02/12/22 23:00:00,A,TRR,TLW,AT,2018,52,
ESTAT:ORG_AQTSPEC(1.0),02/12/22 23:00:00,A,TRR,TLW,BE,2013,0,
ESTAT:ORG_AQTSPEC(1.0),02/12/22 23:00:00,A,TRR,TLW,BG,2012,0,
ESTAT:ORG_AQTSPEC(1.0),02/12/22 23:00:00,A,TRR,TLW,BG,2018,0,
ESTAT:ORG_AQTSPEC(1.0),02/12/22 23:00:00,A,TRR,TLW,BG,2021,0,
ESTAT:ORG_AQTSPEC(1.0),02/12/22 23:00:00,A,TRR,TLW,CY,2013,0,
ESTAT:ORG_AQTSPEC(1.0),02/12/22 23:00:00,A,TRR,TLW,CY,2020,0,
ESTAT:ORG_AQTSPEC(1.0),02/12/22 23:00:00,A,TRR,TLW,DK,2012,263,
ESTAT:ORG_AQTSPEC(1.0),02/12/22 23:00:00,A,TRR,TLW,DK,2013,700,
ESTAT:ORG_AQTSPEC(1.0),02/12/22 23:00:00,A,TRR,TLW,DK,2014,883,
ESTAT:ORG_AQTSPEC(1.0),02/12/22 23:00:00,A,TRR,TLW,DK,2015,1634,
ESTAT:ORG_AQTSPEC(1.0),02/12/22 23:00:00,A,TRR,TLW,DK,2016,1831,
ESTAT:ORG_AQTSPEC(1.0),02/12/22 23:00:00,A,TRR,TLW,DK,2017,572,
ESTAT:ORG_AQTSPEC(1.0),02/12/22 23:00:00,A,TRR,TLW,DK,2018,372,
ESTAT:ORG_AQTSPEC(1.0),02/12/22 23:00:00,A,TRR,TLW,DK,2019,421,r
ESTAT:ORG_AQTSPEC(1.0),02/12/22 23:00:00,A,TRR,TLW,DK,2020,642,
ESTAT:ORG_AQTSPEC(1.0),02/12/22 23:00:00,A,TRR,TLW,EE,2021,0,
ESTAT:ORG_AQTSPEC(1.0),02/12/22 23:00:00,A,TRR,TLW,ES,2012,170,
ESTAT:ORG_AQTSPEC(1.0),02/12/22 23:00:00,A,TRR,TLW,ES,2013,298,
ESTAT:ORG_AQTSPEC(1.0),02/12/22 23:00:00,A,TRR,TLW,ES,2014,452,
ESTAT:ORG_AQTSPEC(1.0),02/12/22 23:00:00,A,TRR,TLW,ES,2015,365,
ESTAT:ORG_AQTSPEC(1.0),02/12/22 23:00:00,A,TRR,TLW,ES,2016,473,
ESTAT:ORG_AQTSPEC(1.0),02/12/22 23:00:00,A,TRR,TLW,ES,2017,302,
ESTAT:ORG_AQTSPEC(1.0),02/12/22 23:00:00,A,TRR,TLW,ES,2018,402,
ESTAT:ORG_AQTSPEC(1.0),02/12/22 23:00:00,A,TRR,TLW,ES,2019,689,
ESTAT:ORG_AQTSPEC(1.0),02/12/22 23:00:00,A,TRR,TLW,ES,2020,917,
ESTAT:ORG_AQTSPEC(1.0),02/12/22 23:00:00,A,TRR,TLW,ES,2021,924,
ESTAT:ORG_AQTSPEC(1.0),02/12/22 23:00:00,A,TRR,TLW,HR,2012,0,
ESTAT:ORG_AQTSPEC(1.0),02/12/22 23:00:00,A,TRR,TLW,HR,2013,0,
ESTAT:ORG_AQTSPEC(1.0),02/12/22 23:00:00,A,TRR,TLW,HR,2019,0,
ESTAT:ORG_AQTSPEC(1.0),02/12/22 23:00:00,A,TRR,TLW,HR,2020,0,
ESTAT:ORG_AQTSPEC(1.0),02/12/22 23:00:00,A,TRR,TLW,IS,2019,0,
ESTAT:ORG_AQTSPEC(1.0),02/12/22 23:00:00,A,TRR,TLW,IT,2012,36,
ESTAT:ORG_AQTSPEC(1.0),02/12/22 23:00:00,A,TRR,TLW,IT,2013,35,
ESTAT:ORG_AQTSPEC(1.0),02/12/22 23:00:00,A,TRR,TLW,IT,2014,35,
ESTAT:ORG_AQTSPEC(1.0),02/12/22 23:00:00,A,TRR,TLW,IT,2015,0,
ESTAT:ORG_AQTSPEC(1.0),02/12/22 23:00:00,A,TRR,TLW,LT,2014,0,
ESTAT:ORG_AQTSPEC(1.0),02/12/22 23:00:00,A,TRR,TLW,LT,2018,,c
ESTAT:ORG_AQTSPEC(1.0),02/12/22 23:00:00,A,TRR,TLW,LT,2019,,c
ESTAT:ORG_AQTSPEC(1.0),02/12/22 23:00:00,A,TRR,TLW,LT,2020,0,
ESTAT:ORG_AQTSPEC(1.0),02/12/22 23:00:00,A,TRR,TLW,LT,2021,0,
ESTAT:ORG_AQTSPEC(1.0),02/12/22 23:00:00,A,TRR,TLW,LU,2016,0,
ESTAT:ORG_AQTSPEC(1.0),02/12/22 23:00:00,A,TRR,TLW,LU,2017,0,
ESTAT:ORG_AQTSPEC(1.0),02/12/22 23:00:00,A,TRR,TLW,LU,2018,0,
ESTAT:ORG_AQTSPEC(1.0),02/12/22 23:00:00,A,TRR,TLW,LU,2019,0,
ESTAT:ORG_AQTSPEC(1.0),02/12/22 23:00:00,A,TRR,TLW,LU,2020,0,
ESTAT:ORG_AQTSPEC(1.0),02/12/22 23:00:00,A,TRR,TLW,LU,2021,0,
ESTAT:ORG_AQTSPEC(1.0),02/12/22 23:00:00,A,TRR,TLW,ME,2021,0,
ESTAT:ORG_AQTSPEC(1.0),02/12/22 23:00:00,A,TRR,TLW,MK,2013,0,
ESTAT:ORG_AQTSPEC(1.0),02/12/22 23:00:00,A,TRR,TLW,MK,2014,0,
ESTAT:ORG_AQTSPEC(1.0),02/12/22 23:00:00,A,TRR,TLW,MK,2021,0,
ESTAT:ORG_AQTSPEC(1.0),02/12/22 23:00:00,A,TRR,TLW,MT,2014,0,
ESTAT:ORG_AQTSPEC(1.0),02/12/22 23:00:00,A,TRR,TLW,MT,2015,0,
ESTAT:ORG_AQTSPEC(1.0),02/12/22 23:00:00,A,TRR,TLW,MT,2016,0,
ESTAT:ORG_AQTSPEC(1.0),02/12/22 23:00:00,A,TRR,TLW,MT,2017,0,
ESTAT:ORG_AQTSPEC(1.0),02/12/22 23:00:00,A,TRR,TLW,MT,2018,0,
ESTAT:ORG_AQTSPEC(1.0),02/12/22 23:00:00,A,TRR,TLW,MT,2021,0,
ESTAT:ORG_AQTSPEC(1.0),02/12/22 23:00:00,A,TRR,TLW,NL,2021,0,
ESTAT:ORG_AQTSPEC(1.0),02/12/22 23:00:00,A,TRR,TLW,PL,2013,0,
ESTAT:ORG_AQTSPEC(1.0),02/12/22 23:00:00,A,TRR,TLW,PL,2017,0,
ESTAT:ORG_AQTSPEC(1.0),02/12/22 23:00:00,A,TRR,TLW,PL,2019,0,
ESTAT:ORG_AQTSPEC(1.0),02/12/22 23:00:00,A,TRR,TLW,RO,2014,0,
ESTAT:ORG_AQTSPEC(1.0),02/12/22 23:00:00,A,TRR,TLW,RO,2015,0,
ESTAT:ORG_AQTSPEC(1.0),02/12/22 23:00:00,A,TRR,TLW,RO,2016,0,
ESTAT:ORG_AQTSPEC(1.0),02/12/22 23:00:00,A,TRR,TLW,RO,2018,42,
ESTAT:ORG_AQTSPEC(1.0),02/12/22 23:00:00,A,TRR,TLW,RO,2019,35,
ESTAT:ORG_AQTSPEC(1.0),02/12/22 23:00:00,A,TRR,TLW,RO,2020,47,
ESTAT:ORG_AQTSPEC(1.0),02/12/22 23:00:00,A,TRR,TLW,RO,2021,72,
ESTAT:ORG_AQTSPEC(1.0),02/12/22 23:00:00,A,TRR,TLW,RS,2013,0,
ESTAT:ORG_AQTSPEC(1.0),02/12/22 23:00:00,A,TRR,TLW,SI,2016,1,
ESTAT:ORG_AQTSPEC(1.0),02/12/22 23:00:00,A,TRR,TLW,SK,2012,0,
ESTAT:ORG_AQTSPEC(1.0),02/12/22 23:00:00,A,TRR,TLW,SK,2013,0,
ESTAT:ORG_AQTSPEC(1.0),02/12/22 23:00:00,A,TRR,TLW,SK,2015,0,
ESTAT:ORG_AQTSPEC(1.0),02/12/22 23:00:00,A,TRR,TLW,SK,2016,0,
ESTAT:ORG_AQTSPEC(1.0),02/12/22 23:00:00,A,TRR,TLW,TR,2015,0,
ESTAT:ORG_AQTSPEC(1.0),02/12/22 23:00:00,A,TRR,TLW,TR,2016,0,
ESTAT:ORG_AQTSPEC(1.0),02/12/22 23:00:00,A,TRR,TLW,TR,2017,0,
ESTAT:ORG_AQTSPEC(1.0),02/12/22 23:00:00,A,TRR,TLW,TR,2021,0,
ESTAT:ORG_AQTSPEC(1.0),02/12/22 23:00:00,A,TRS,TLW,AT,2016,5,
ESTAT:ORG_AQTSPEC(1.0),02/12/22 23:00:00,A,TRS,TLW,AT,2017,5,
ESTAT:ORG_AQTSPEC(1.0),02/12/22 23:00:00,A,TRS,TLW,AT,2018,2,
ESTAT:ORG_AQTSPEC(1.0),02/12/22 23:00:00,A,TRS,TLW,BG,2018,0,
ESTAT:ORG_AQTSPEC(1.0),02/12/22 23:00:00,A,TRS,TLW,BG,2021,0,
ESTAT:ORG_AQTSPEC(1.0),02/12/22 23:00:00,A,TRS,TLW,CY,2020,0,
ESTAT:ORG_AQTSPEC(1.0),02/12/22 23:00:00,A,TRS,TLW,EE,2021,0,
ESTAT:ORG_AQTSPEC(1.0),02/12/22 23:00:00,A,TRS,TLW,ES,2012,97,
ESTAT:ORG_AQTSPEC(1.0),02/12/22 23:00:00,A,TRS,TLW,ES,2013,33,
ESTAT:ORG_AQTSPEC(1.0),02/12/22 23:00:00,A,TRS,TLW,ES,2014,,n
ESTAT:ORG_AQTSPEC(1.0),02/12/22 23:00:00,A,TRS,TLW,ES,2015,0,
ESTAT:ORG_AQTSPEC(1.0),02/12/22 23:00:00,A,TRS,TLW,ES,2016,0,
ESTAT:ORG_AQTSPEC(1.0),02/12/22 23:00:00,A,TRS,TLW,ES,2017,0,
ESTAT:ORG_AQTSPEC(1.0),02/12/22 23:00:00,A,TRS,TLW,ES,2018,0,
ESTAT:ORG_AQTSPEC(1.0),02/12/22 23:00:00,A,TRS,TLW,ES,2019,0,
ESTAT:ORG_AQTSPEC(1.0),02/12/22 23:00:00,A,TRS,TLW,ES,2020,0,
ESTAT:ORG_AQTSPEC(1.0),02/12/22 23:00:00,A,TRS,TLW,HR,2019,0,
ESTAT:ORG_AQTSPEC(1.0),02/12/22 23:00:00,A,TRS,TLW,HR,2020,0,
ESTAT:ORG_AQTSPEC(1.0),02/12/22 23:00:00,A,TRS,TLW,IS,2019,0,
ESTAT:ORG_AQTSPEC(1.0),02/12/22 23:00:00,A,TRS,TLW,IT,2014,150,
ESTAT:ORG_AQTSPEC(1.0),02/12/22 23:00:00,A,TRS,TLW,IT,2015,150,
ESTAT:ORG_AQTSPEC(1.0),02/12/22 23:00:00,A,TRS,TLW,LT,2014,0,
ESTAT:ORG_AQTSPEC(1.0),02/12/22 23:00:00,A,TRS,TLW,LT,2018,,c
ESTAT:ORG_AQTSPEC(1.0),02/12/22 23:00:00,A,TRS,TLW,LT,2019,,c
ESTAT:ORG_AQTSPEC(1.0),02/12/22 23:00:00,A,TRS,TLW,LT,2020,0,
ESTAT:ORG_AQTSPEC(1.0),02/12/22 23:00:00,A,TRS,TLW,LT,2021,0,
ESTAT:ORG_AQTSPEC(1.0),02/12/22 23:00:00,A,TRS,TLW,LU,2016,0,
ESTAT:ORG_AQTSPEC(1.0),02/12/22 23:00:00,A,TRS,TLW,LU,2017,0,
ESTAT:ORG_AQTSPEC(1.0),02/12/22 23:00:00,A,TRS,TLW,LU,2018,0,
ESTAT:ORG_AQTSPEC(1.0),02/12/22 23:00:00,A,TRS,TLW,LU,2019,0,
ESTAT:ORG_AQTSPEC(1.0),02/12/22 23:00:00,A,TRS,TLW,LU,2020,0,
ESTAT:ORG_AQTSPEC(1.0),02/12/22 23:00:00,A,TRS,TLW,LU,2021,0,
ESTAT:ORG_AQTSPEC(1.0),02/12/22 23:00:00,A,TRS,TLW,ME,2021,0,
ESTAT:ORG_AQTSPEC(1.0),02/12/22 23:00:00,A,TRS,TLW,MK,2013,0,
ESTAT:ORG_AQTSPEC(1.0),02/12/22 23:00:00,A,TRS,TLW,MK,2014,0,
ESTAT:ORG_AQTSPEC(1.0),02/12/22 23:00:00,A,TRS,TLW,MK,2021,0,
ESTAT:ORG_AQTSPEC(1.0),02/12/22 23:00:00,A,TRS,TLW,MT,2014,0,
ESTAT:ORG_AQTSPEC(1.0),02/12/22 23:00:00,A,TRS,TLW,MT,2015,0,
ESTAT:ORG_AQTSPEC(1.0),02/12/22 23:00:00,A,TRS,TLW,MT,2016,0,
ESTAT:ORG_AQTSPEC(1.0),02/12/22 23:00:00,A,TRS,TLW,MT,2017,0,
ESTAT:ORG_AQTSPEC(1.0),02/12/22 23:00:00,A,TRS,TLW,MT,2018,0,
ESTAT:ORG_AQTSPEC(1.0),02/12/22 23:00:00,A,TRS,TLW,MT,2021,0,
ESTAT:ORG_AQTSPEC(1.0),02/12/22 23:00:00,A,TRS,TLW,NL,2021,0,
ESTAT:ORG_AQTSPEC(1.0),02/12/22 23:00:00,A,TRS,TLW,PL,2017,0,
ESTAT:ORG_AQTSPEC(1.0),02/12/22 23:00:00,A,TRS,TLW,PL,2019,0,
ESTAT:ORG_AQTSPEC(1.0),02/12/22 23:00:00,A,TRS,TLW,RO,2014,0,
ESTAT:ORG_AQTSPEC(1.0),02/12/22 23:00:00,A,TRS,TLW,RO,2015,0,
ESTAT:ORG_AQTSPEC(1.0),02/12/22 23:00:00,A,TRS,TLW,RO,2016,0,
ESTAT:ORG_AQTSPEC(1.0),02/12/22 23:00:00,A,TRS,TLW,RO,2017,0,
ESTAT:ORG_AQTSPEC(1.0),02/12/22 23:00:00,A,TRS,TLW,RO,2019,0,
ESTAT:ORG_AQTSPEC(1.0),02/12/22 23:00:00,A,TRS,TLW,RO,2020,83,
ESTAT:ORG_AQTSPEC(1.0),02/12/22 23:00:00,A,TRS,TLW,SK,2015,0,
ESTAT:ORG_AQTSPEC(1.0),02/12/22 23:00:00,A,TRS,TLW,SK,2016,0,
ESTAT:ORG_AQTSPEC(1.0),02/12/22 23:00:00,A,TRS,TLW,TR,2015,0,
ESTAT:ORG_AQTSPEC(1.0),02/12/22 23:00:00,A,TRS,TLW,TR,2016,0,
ESTAT:ORG_AQTSPEC(1.0),02/12/22 23:00:00,A,TRS,TLW,TR,2017,0,
ESTAT:ORG_AQTSPEC(1.0),02/12/22 23:00:00,A,TRS,TLW,TR,2021,0,
